"gbifID","datasetKey","occurrenceID","kingdom","phylum","class","order","family","genus","species","infraspecificEpithet","taxonRank","scientificName","verbatimScientificName","verbatimScientificNameAuthorship","countryCode","locality","stateProvince","occurrenceStatus","individualCount","publishingOrgKey","decimalLatitude","decimalLongitude","coordinateUncertaintyInMeters","coordinatePrecision","elevation","elevationAccuracy","depth","depthAccuracy","eventDate","day","month","year","taxonKey","speciesKey","basisOfRecord","institutionCode","collectionCode","catalogNumber","recordNumber","identifiedBy","dateIdentified","license","rightsHolder","recordedBy","typeStatus","establishmentMeans","lastInterpreted","mediaType","issue"
6344134130,"8a863029-f435-446a-821e-275f4f641165","https://observation.org/observation/394990598","Animalia","Arthropoda","Insecta","Hymenoptera","Formicidae","Lasius","Lasius niger",NA,"SPECIES","Lasius niger (Linnaeus, 1758)","Lasius niger","","AT","Weidmoos - N2000","Salzburg","PRESENT",1,"c8d737e0-2ff8-42e8-b8fc-6b805d26fc5f",48.023762,12.947707,3,NA,NA,NA,NA,NA,"2026-04-27",27,4,2026,5035785,5035785,"HUMAN_OBSERVATION","","","",NA,"","","CC_BY_NC_4_0","Stichting Observation International","User 169089",NA,NA,"2026-06-02T18:35:35.973Z","StillImage",""
6274049914,"50c9509d-22c7-4a22-a47d-8c48425ef4a7","https://www.inaturalist.org/observations/357966759","Animalia","Arthropoda","Insecta","Hymenoptera","Formicidae","Lasius","Lasius niger",NA,"SPECIES","Lasius niger (Linnaeus, 1758)","Lasius niger","","AT","","Steiermark","PRESENT",NA,"28eb1a3f-1c15-4a95-931a-4af90ecb574d",46.822146,15.52612,191,NA,NA,NA,NA,NA,"2026-04-24T13:55",24,4,2026,5035785,5035785,"HUMAN_OBSERVATION","iNaturalist","Observations","357966759",NA,"Felix Kraker","2026-05-03T16:56:06","CC_BY_NC_4_0","Felix Kraker","Felix Kraker",NA,NA,"2026-06-06T04:03:18.309Z","StillImage","COORDINATE_ROUNDED;CONTINENT_DERIVED_FROM_COORDINATES;TAXON_ID_NOT_FOUND"
6251608913,"50c9509d-22c7-4a22-a47d-8c48425ef4a7","https://www.inaturalist.org/observations/357940292","Animalia","Arthropoda","Insecta","Hymenoptera","Formicidae","Lasius","Lasius niger",NA,"SPECIES","Lasius niger (Linnaeus, 1758)","Lasius niger","","AT","","Steiermark","PRESENT",NA,"28eb1a3f-1c15-4a95-931a-4af90ecb574d",46.876389,15.396389,NA,NA,NA,NA,NA,NA,"2026-04-25T14:28",25,4,2026,5035785,5035785,"HUMAN_OBSERVATION","iNaturalist","Observations","357940292",NA,"Felix Kraker","2026-05-03T15:44:11","CC_BY_NC_4_0","Felix Kraker","Felix Kraker",NA,NA,"2026-06-06T03:35:27.407Z","StillImage","COORDINATE_ROUNDED;CONTINENT_DERIVED_FROM_COORDINATES;TAXON_ID_NOT_FOUND"
6248162684,"c1492854-5d15-40e9-9ee7-24a18ac05112","99225AD1-4BC8-4BC1-A2EF-AA14184758F7","Animalia","Arthropoda","Insecta","Hymenoptera","Formicidae","Lasius","Lasius niger",NA,"SPECIES","Lasius niger (Linnaeus, 1758)","Lasius niger (Linnaeus, 1758)","Linnaeus, 1758","AT","Nußdorf am Haunsberg","","PRESENT",NA,"7a070ba0-bafb-11d9-8e53-b8a03c50a862",47.921291,12.959394,50,NA,396,NA,NA,NA,"2023-04-29",29,4,2023,5035785,5035785,"HUMAN_OBSERVATION","HNS","Biodiversitätsdatenbank Salzburg","3905245",NA,"","","CC_BY_NC_4_0","","ContactID: 159203",NA,NA,"2026-05-22T05:02:26.970Z","","CONTINENT_DERIVED_FROM_COORDINATES"
6248154478,"c1492854-5d15-40e9-9ee7-24a18ac05112","3A30903F-1040-42BC-B6C2-7AA5BD9046D1","Animalia","Arthropoda","Insecta","Hymenoptera","Formicidae","Lasius","Lasius niger",NA,"SPECIES","Lasius niger (Linnaeus, 1758)","Lasius niger (Linnaeus, 1758)","Linnaeus, 1758","AT","Wals-Siezenheim","","PRESENT",NA,"7a070ba0-bafb-11d9-8e53-b8a03c50a862",47.816955,12.994676,4,NA,427,NA,NA,NA,"2026-02-08",8,2,2026,5035785,5035785,"HUMAN_OBSERVATION","HNS","Biodiversitätsdatenbank Salzburg","3954950",NA,"","","CC_BY_NC_4_0","","ContactID: 2786",NA,NA,"2026-05-22T05:02:10.453Z","","CONTINENT_DERIVED_FROM_COORDINATES"
6248076701,"c1492854-5d15-40e9-9ee7-24a18ac05112","2BB60707-FD76-499A-BDDD-B30995EBDCEA","Animalia","Arthropoda","Insecta","Hymenoptera","Formicidae","Lasius","Lasius niger",NA,"SPECIES","Lasius niger (Linnaeus, 1758)","Lasius niger (Linnaeus, 1758)","Linnaeus, 1758","AT","Anif","","PRESENT",NA,"7a070ba0-bafb-11d9-8e53-b8a03c50a862",47.75,13.07,1000,NA,429,NA,NA,NA,"2024-04-26",26,4,2024,5035785,5035785,"HUMAN_OBSERVATION","HNS","Biodiversitätsdatenbank Salzburg","3905535",NA,"","","CC_BY_NC_4_0","","ContactID: 159203",NA,NA,"2026-05-22T05:02:09.810Z","","CONTINENT_DERIVED_FROM_COORDINATES"
6178303452,"50c9509d-22c7-4a22-a47d-8c48425ef4a7","https://www.inaturalist.org/observations/343130730","Animalia","Arthropoda","Insecta","Hymenoptera","Formicidae","Lasius","Lasius niger",NA,"SPECIES","Lasius niger (Linnaeus, 1758)","Lasius niger","","AT","","Steiermark","PRESENT",NA,"28eb1a3f-1c15-4a95-931a-4af90ecb574d",47.269286,15.6918,4,NA,NA,NA,NA,NA,"2026-03-15T13:07",15,3,2026,5035785,5035785,"HUMAN_OBSERVATION","iNaturalist","Observations","343130730",NA,"Florian Arbesleitner","2026-03-15T15:56:20","CC_BY_NC_4_0","Florian Arbesleitner","Florian Arbesleitner",NA,NA,"2026-06-06T04:01:28.142Z","StillImage","COORDINATE_ROUNDED;CONTINENT_DERIVED_FROM_COORDINATES;TAXON_ID_NOT_FOUND"
6130352559,"50c9509d-22c7-4a22-a47d-8c48425ef4a7","https://www.inaturalist.org/observations/325520962","Animalia","Arthropoda","Insecta","Hymenoptera","Formicidae","Lasius","Lasius niger",NA,"SPECIES","Lasius niger (Linnaeus, 1758)","Lasius niger","","AT","","Niederösterreich","PRESENT",NA,"28eb1a3f-1c15-4a95-931a-4af90ecb574d",48.007804,16.460464,4,NA,NA,NA,NA,NA,"2025-06-25T19:07",25,6,2025,5035785,5035785,"HUMAN_OBSERVATION","iNaturalist","Observations","325520962",NA,"Bakos Ádám","2025-11-11T10:23:24","CC_BY_NC_4_0","gernotkunz","gernotkunz",NA,NA,"2026-06-06T03:52:07.668Z","","COORDINATE_ROUNDED;CONTINENT_DERIVED_FROM_COORDINATES;TAXON_ID_NOT_FOUND"
5920351988,"50c9509d-22c7-4a22-a47d-8c48425ef4a7","https://www.inaturalist.org/observations/329991456","Animalia","Arthropoda","Insecta","Hymenoptera","Formicidae","Lasius","Lasius niger",NA,"SPECIES","Lasius niger (Linnaeus, 1758)","Lasius niger","","AT","","Niederösterreich","PRESENT",NA,"28eb1a3f-1c15-4a95-931a-4af90ecb574d",48.009154,16.459924,56,NA,NA,NA,NA,NA,"2025-06-09",9,6,2025,5035785,5035785,"HUMAN_OBSERVATION","iNaturalist","Observations","329991456",NA,"Felix Kraker","2025-12-08T15:46:50","CC_BY_NC_4_0","Felix Kraker","Felix Kraker",NA,NA,"2026-06-06T03:59:59.305Z","StillImage","CONTINENT_DERIVED_FROM_COORDINATES;TAXON_ID_NOT_FOUND"
5830648295,"50c9509d-22c7-4a22-a47d-8c48425ef4a7","https://www.inaturalist.org/observations/315816914","Animalia","Arthropoda","Insecta","Hymenoptera","Formicidae","Lasius","Lasius niger",NA,"SPECIES","Lasius niger (Linnaeus, 1758)","Lasius niger","","AT","","Oberösterreich","PRESENT",NA,"28eb1a3f-1c15-4a95-931a-4af90ecb574d",48.026466,14.404279,NA,NA,NA,NA,NA,NA,"2025-09-22T16:31:28",22,9,2025,5035785,5035785,"HUMAN_OBSERVATION","iNaturalist","Observations","315816914",NA,"Martin Scheidleder","2025-09-22T14:48:02","CC_BY_4_0","Martin Scheidleder","Martin Scheidleder",NA,NA,"2026-06-06T03:50:44.391Z","StillImage","COORDINATE_ROUNDED;CONTINENT_DERIVED_FROM_COORDINATES;TAXON_ID_NOT_FOUND"
5827287078,"c1492854-5d15-40e9-9ee7-24a18ac05112","68665683-C270-4A6D-A435-F31065A1C306","Animalia","Arthropoda","Insecta","Hymenoptera","Formicidae","Lasius","Lasius niger",NA,"SPECIES","Lasius niger (Linnaeus, 1758)","Lasius niger (Linnaeus, 1758)","Linnaeus, 1758","AT","Wals-Siezenheim","","PRESENT",NA,"7a070ba0-bafb-11d9-8e53-b8a03c50a862",47.820836,12.980382,2,NA,419,NA,NA,NA,"2024-04-29",29,4,2024,5035785,5035785,"HUMAN_OBSERVATION","HNS","Biodiversitätsdatenbank Salzburg","3514146",NA,"","","CC_BY_NC_4_0","","ContactID: 2786",NA,NA,"2026-05-22T05:02:05.528Z","","CONTINENT_DERIVED_FROM_COORDINATES"
5230882597,"50c9509d-22c7-4a22-a47d-8c48425ef4a7","https://www.inaturalist.org/observations/266453920","Animalia","Arthropoda","Insecta","Hymenoptera","Formicidae","Lasius","Lasius niger",NA,"SPECIES","Lasius niger (Linnaeus, 1758)","Lasius niger","","AT","","Tirol","PRESENT",NA,"28eb1a3f-1c15-4a95-931a-4af90ecb574d",47.284863,11.422977,4,NA,NA,NA,NA,NA,"2025-03-20T12:50",20,3,2025,5035785,5035785,"HUMAN_OBSERVATION","iNaturalist","Observations","266453920",NA,"Matthias Weid","2025-03-22T22:15:20","CC_BY_4_0","Matthias Weid","Matthias Weid",NA,NA,"2026-06-06T03:42:31.248Z","","COORDINATE_ROUNDED;CONTINENT_DERIVED_FROM_COORDINATES;TAXON_ID_NOT_FOUND"
5230826859,"50c9509d-22c7-4a22-a47d-8c48425ef4a7","https://www.inaturalist.org/observations/297558783","Animalia","Arthropoda","Insecta","Hymenoptera","Formicidae","Lasius","Lasius niger",NA,"SPECIES","Lasius niger (Linnaeus, 1758)","Lasius niger","","AT","","Tirol","PRESENT",NA,"28eb1a3f-1c15-4a95-931a-4af90ecb574d",47.254568,11.31493,40,NA,NA,NA,NA,NA,"2025-07-12T20:43",12,7,2025,5035785,5035785,"HUMAN_OBSERVATION","iNaturalist","Observations","297558783",NA,"ton_bal","2025-07-13T12:01:09","CC_BY_NC_4_0","ton_bal","ton_bal",NA,NA,"2026-06-06T04:07:39.703Z","StillImage","COORDINATE_ROUNDED;CONTINENT_DERIVED_FROM_COORDINATES;TAXON_ID_NOT_FOUND"
5206776720,"50c9509d-22c7-4a22-a47d-8c48425ef4a7","https://www.inaturalist.org/observations/292097254","Animalia","Arthropoda","Insecta","Hymenoptera","Formicidae","Lasius","Lasius niger",NA,"SPECIES","Lasius niger (Linnaeus, 1758)","Lasius niger","","AT","","Steiermark","PRESENT",NA,"28eb1a3f-1c15-4a95-931a-4af90ecb574d",47.082731,15.456842,15,NA,NA,NA,NA,NA,"2025-06-22T21:16",22,6,2025,5035785,5035785,"HUMAN_OBSERVATION","iNaturalist","Observations","292097254",NA,"Felix Kraker","2025-06-23T14:43:59","CC_BY_NC_4_0","Felix Kraker","Felix Kraker",NA,NA,"2026-06-06T03:33:41.261Z","StillImage","COORDINATE_ROUNDED;CONTINENT_DERIVED_FROM_COORDINATES;TAXON_ID_NOT_FOUND"
5079871201,"3b216808-9943-4ba5-b486-3b1619d5f7d5","cdebfaa6-6bd1-4dda-9ca5-d5f048d01189","Animalia","Arthropoda","Insecta","Hymenoptera","Formicidae","Lasius","Lasius niger",NA,"SPECIES","Lasius niger (Linnaeus, 1758)","Lasius niger (Linnaeus, 1758)","","AT","Lainzer Tiergarten","Wien","PRESENT",NA,"94779153-206e-4a3a-a2d1-7101c7f4975d",48.159221,16.209865,1147,NA,NA,NA,NA,NA,"2016-06-11",11,6,2016,5035785,5035785,"HUMAN_OBSERVATION","","","",NA,"","","CC_BY_4_0","","",NA,NA,"2026-05-29T02:37:21.549Z","","TAXON_ID_NOT_FOUND"
5079870973,"3b216808-9943-4ba5-b486-3b1619d5f7d5","f68fdd34-7e52-45ff-9901-818f75c09d45","Animalia","Arthropoda","Insecta","Hymenoptera","Formicidae","Lasius","Lasius niger",NA,"SPECIES","Lasius niger (Linnaeus, 1758)","Lasius niger (Linnaeus, 1758)","","AT","Breitenfurt","Niederösterreich","PRESENT",NA,"94779153-206e-4a3a-a2d1-7101c7f4975d",48.122831,16.15886,1597,NA,NA,NA,NA,NA,"2015-06-07",7,6,2015,5035785,5035785,"HUMAN_OBSERVATION","","","",NA,"","","CC_BY_4_0","","",NA,NA,"2026-05-29T02:37:21.642Z","","TAXON_ID_NOT_FOUND"
5079838157,"3b216808-9943-4ba5-b486-3b1619d5f7d5","5e921817-63ea-4f64-92d2-0a08041f5ee8","Animalia","Arthropoda","Insecta","Hymenoptera","Formicidae","Lasius","Lasius niger",NA,"SPECIES","Lasius niger (Linnaeus, 1758)","Lasius niger (Linnaeus, 1758)","","AT","Lainzer Tiergarten","Wien","PRESENT",NA,"94779153-206e-4a3a-a2d1-7101c7f4975d",48.157498,16.235294,974,NA,NA,NA,NA,NA,"2016-06-11",11,6,2016,5035785,5035785,"HUMAN_OBSERVATION","","","",NA,"","","CC_BY_4_0","","",NA,NA,"2026-05-29T02:37:20.359Z","","TAXON_ID_NOT_FOUND"
5079811174,"3b216808-9943-4ba5-b486-3b1619d5f7d5","922b150c-5093-410c-96ab-025f875aee22","Animalia","Arthropoda","Insecta","Hymenoptera","Formicidae","Lasius","Lasius niger",NA,"SPECIES","Lasius niger (Linnaeus, 1758)","Lasius niger (Linnaeus, 1758)","","AT","Lainzer Tiergarten","Wien","PRESENT",NA,"94779153-206e-4a3a-a2d1-7101c7f4975d",48.163384,16.217419,746,NA,NA,NA,NA,NA,"2016-06-11",11,6,2016,5035785,5035785,"HUMAN_OBSERVATION","","","",NA,"","","CC_BY_4_0","","",NA,NA,"2026-05-29T02:37:19.288Z","","TAXON_ID_NOT_FOUND"
5079760940,"3b216808-9943-4ba5-b486-3b1619d5f7d5","47485ca9-46db-4383-bf8a-16a06a5d8e30","Animalia","Arthropoda","Insecta","Hymenoptera","Formicidae","Lasius","Lasius niger",NA,"SPECIES","Lasius niger (Linnaeus, 1758)","Lasius niger (Linnaeus, 1758)","","AT","Lainzer Tiergarten","Wien","PRESENT",NA,"94779153-206e-4a3a-a2d1-7101c7f4975d",48.16971,16.192593,816,NA,NA,NA,NA,NA,"2016-06-11",11,6,2016,5035785,5035785,"HUMAN_OBSERVATION","","","",NA,"","","CC_BY_4_0","","",NA,NA,"2026-05-29T02:37:17.203Z","","TAXON_ID_NOT_FOUND"
5079720990,"3b216808-9943-4ba5-b486-3b1619d5f7d5","a0f7b90e-9b4e-42fb-b8fe-d429914e1a4e","Animalia","Arthropoda","Insecta","Hymenoptera","Formicidae","Lasius","Lasius niger",NA,"SPECIES","Lasius niger (Linnaeus, 1758)","Lasius niger (Linnaeus, 1758)","","AT","Lainzer Tiergarten","Wien","PRESENT",NA,"94779153-206e-4a3a-a2d1-7101c7f4975d",48.166476,16.206206,634,NA,NA,NA,NA,NA,"2016-06-11",11,6,2016,5035785,5035785,"HUMAN_OBSERVATION","","","",NA,"","","CC_BY_4_0","","",NA,NA,"2026-05-29T02:37:15.058Z","","TAXON_ID_NOT_FOUND"
5027413036,"6ac3f774-d9fb-4796-b3e9-92bf6c81c084","","Animalia","Arthropoda","Insecta","Hymenoptera","Formicidae","Lasius","Lasius niger",NA,"SPECIES","Lasius niger (Linnaeus, 1758)","Lasius niger","","AT","TK25 Blatt 7447/1 - Donau / Achleiten / Freinberg / Hinding","","PRESENT",NA,"bb646dff-a905-4403-a49b-6d378c2cf0d9",48.562073,13.574071,25,NA,NA,NA,NA,NA,"2018-06-04T00:00",4,6,2018,5035785,5035785,"HUMAN_OBSERVATION","NABU|naturgucker","NABU|naturgucker","-546528939",NA,"","","CC_BY_4_0","","790597811",NA,NA,"2026-06-04T11:57:53.423Z","","COORDINATE_ROUNDED;GEODETIC_DATUM_ASSUMED_WGS84;CONTINENT_DERIVED_FROM_COORDINATES"
5018461707,"6ac3f774-d9fb-4796-b3e9-92bf6c81c084","","Animalia","Arthropoda","Insecta","Hymenoptera","Formicidae","Lasius","Lasius niger",NA,"SPECIES","Lasius niger (Linnaeus, 1758)","Lasius niger","","AT","NP Neusiedler See - Gesamtgebiet","","PRESENT",NA,"bb646dff-a905-4403-a49b-6d378c2cf0d9",47.765175,16.827621,250,NA,NA,NA,NA,NA,"2019-05-07T00:00",7,5,2019,5035785,5035785,"HUMAN_OBSERVATION","NABU|naturgucker","NABU|naturgucker","-581274684",NA,"","","CC_BY_4_0","","-633303334",NA,NA,"2026-06-04T11:58:12.739Z","StillImage","COORDINATE_ROUNDED;GEODETIC_DATUM_ASSUMED_WGS84;CONTINENT_DERIVED_FROM_COORDINATES"
5017785857,"6ac3f774-d9fb-4796-b3e9-92bf6c81c084","","Animalia","Arthropoda","Insecta","Hymenoptera","Formicidae","Lasius","Lasius niger",NA,"SPECIES","Lasius niger (Linnaeus, 1758)","Lasius niger","","AT","Sandeck- Kirchsee","","PRESENT",NA,"bb646dff-a905-4403-a49b-6d378c2cf0d9",47.751442,16.77784,250,NA,NA,NA,NA,NA,"2022-05-20T00:00",20,5,2022,5035785,5035785,"HUMAN_OBSERVATION","NABU|naturgucker","NABU|naturgucker","-1598389351",NA,"","","CC_BY_4_0","","177731058",NA,NA,"2026-06-04T11:55:58.258Z","","COORDINATE_ROUNDED;GEODETIC_DATUM_ASSUMED_WGS84;CONTINENT_DERIVED_FROM_COORDINATES"
5015798701,"6ac3f774-d9fb-4796-b3e9-92bf6c81c084","","Animalia","Arthropoda","Insecta","Hymenoptera","Formicidae","Lasius","Lasius niger",NA,"SPECIES","Lasius niger (Linnaeus, 1758)","Lasius niger","","AT","Artenvielfalt im Europaschutzgebiet Lendspitz Maiernigg","","PRESENT",NA,"bb646dff-a905-4403-a49b-6d378c2cf0d9",46.612659,14.243431,250,NA,NA,NA,NA,NA,"2015-06-13T00:00",13,6,2015,5035785,5035785,"HUMAN_OBSERVATION","NABU|naturgucker","NABU|naturgucker","-816289371",NA,"","","CC_BY_4_0","","1754700450",NA,NA,"2026-06-04T11:55:55.536Z","","COORDINATE_ROUNDED;GEODETIC_DATUM_ASSUMED_WGS84;CONTINENT_DERIVED_FROM_COORDINATES"
5015575909,"6ac3f774-d9fb-4796-b3e9-92bf6c81c084","","Animalia","Arthropoda","Insecta","Hymenoptera","Formicidae","Lasius","Lasius niger",NA,"SPECIES","Lasius niger (Linnaeus, 1758)","Lasius niger","","AT","Seeboden Ort","","PRESENT",NA,"bb646dff-a905-4403-a49b-6d378c2cf0d9",46.819405,13.517327,250,NA,NA,NA,NA,NA,"2024-08-18T00:00",18,8,2024,5035785,5035785,"HUMAN_OBSERVATION","NABU|naturgucker","NABU|naturgucker","-249362027",NA,"","","CC_BY_4_0","","323595770",NA,NA,"2026-06-04T11:58:29.853Z","","COORDINATE_ROUNDED;GEODETIC_DATUM_ASSUMED_WGS84;CONTINENT_DERIVED_FROM_COORDINATES"
4990662404,"7b9ee3cf-c98e-43a3-93b0-1672151e43eb","present","Animalia","Arthropoda","Insecta","Hymenoptera","Formicidae","Lasius","Lasius niger",NA,"SPECIES","Lasius niger (Linnaeus, 1758)","Lasius niger (Linnaeus, 1758)","","AT","Gesaeuse national park","","PRESENT",NA,"0752a2b0-b635-4fb1-ae5d-50563d60f46e",47.57,14.6,1500,NA,630,NA,NA,NA,"2015-07-15",15,7,2015,5035785,5035785,"HUMAN_OBSERVATION","1","Biodiversitätsdatenbank Nationalpark Gesäuse","199664",NA,"Wagner H.C., Borovsky R.","","CC_BY_4_0","","Entomologencamp-TeilnehmerInnen",NA,NA,"2026-04-24T07:02:21.055Z","","CONTINENT_DERIVED_FROM_COORDINATES;OCCURRENCE_STATUS_UNPARSABLE"
4990659283,"7b9ee3cf-c98e-43a3-93b0-1672151e43eb","present","Animalia","Arthropoda","Insecta","Hymenoptera","Formicidae","Lasius","Lasius niger",NA,"SPECIES","Lasius niger (Linnaeus, 1758)","Lasius niger (Linnaeus, 1758)","","AT","Gesaeuse national park","","PRESENT",NA,"0752a2b0-b635-4fb1-ae5d-50563d60f46e",47.57,14.58,1000,NA,640,NA,NA,NA,"2015-07-15",15,7,2015,5035785,5035785,"HUMAN_OBSERVATION","1","Biodiversitätsdatenbank Nationalpark Gesäuse","199748",NA,"Wagner H.C., Borovsky R.","","CC_BY_4_0","","Entomologencamp-TeilnehmerInnen",NA,NA,"2026-04-24T07:02:24.844Z","","CONTINENT_DERIVED_FROM_COORDINATES;OCCURRENCE_STATUS_UNPARSABLE"
4990658819,"7b9ee3cf-c98e-43a3-93b0-1672151e43eb","present","Animalia","Arthropoda","Insecta","Hymenoptera","Formicidae","Lasius","Lasius niger",NA,"SPECIES","Lasius niger (Linnaeus, 1758)","Lasius niger (Linnaeus, 1758)","","AT","Gesaeuse national park","","PRESENT",NA,"0752a2b0-b635-4fb1-ae5d-50563d60f46e",47.53,14.64,1150,NA,1140,NA,NA,NA,"2015-07-16",16,7,2015,5035785,5035785,"HUMAN_OBSERVATION","1","Biodiversitätsdatenbank Nationalpark Gesäuse","199930",NA,"Wagner H.C., Borovsky R.","","CC_BY_4_0","","Entomologencamp-TeilnehmerInnen",NA,NA,"2026-04-24T07:02:19.626Z","","CONTINENT_DERIVED_FROM_COORDINATES;OCCURRENCE_STATUS_UNPARSABLE"
4990656464,"7b9ee3cf-c98e-43a3-93b0-1672151e43eb","present","Animalia","Arthropoda","Insecta","Hymenoptera","Formicidae","Lasius","Lasius niger",NA,"SPECIES","Lasius niger (Linnaeus, 1758)","Lasius niger (Linnaeus, 1758)","","AT","Gesaeuse national park","","PRESENT",NA,"0752a2b0-b635-4fb1-ae5d-50563d60f46e",47.58,14.56,1400,NA,670,NA,NA,NA,"2015-07-17",17,7,2015,5035785,5035785,"HUMAN_OBSERVATION","1","Biodiversitätsdatenbank Nationalpark Gesäuse","200262",NA,"Wagner H.C., Borovsky R.","","CC_BY_4_0","","Entomologencamp-TeilnehmerInnen",NA,NA,"2026-04-24T07:02:08.210Z","","CONTINENT_DERIVED_FROM_COORDINATES;OCCURRENCE_STATUS_UNPARSABLE"
4990654985,"7b9ee3cf-c98e-43a3-93b0-1672151e43eb","present","Animalia","Arthropoda","Insecta","Hymenoptera","Formicidae","Lasius","Lasius niger",NA,"SPECIES","Lasius niger (Linnaeus, 1758)","Lasius niger (Linnaeus, 1758)","","AT","Gesaeuse national park","","PRESENT",NA,"0752a2b0-b635-4fb1-ae5d-50563d60f46e",47.56,14.58,1200,NA,670,NA,NA,NA,"2015-07-13",13,7,2015,5035785,5035785,"HUMAN_OBSERVATION","1","Biodiversitätsdatenbank Nationalpark Gesäuse","199153",NA,"Wagner H.C., Borovsky R.","","CC_BY_4_0","","Entomologencamp-TeilnehmerInnen",NA,NA,"2026-04-24T07:02:23.650Z","","CONTINENT_DERIVED_FROM_COORDINATES;OCCURRENCE_STATUS_UNPARSABLE"
4976654913,"50c9509d-22c7-4a22-a47d-8c48425ef4a7","https://www.inaturalist.org/observations/157070579","Animalia","Arthropoda","Insecta","Hymenoptera","Formicidae","Lasius","Lasius niger",NA,"SPECIES","Lasius niger (Linnaeus, 1758)","Lasius niger","","AT","","Steiermark","PRESENT",NA,"28eb1a3f-1c15-4a95-931a-4af90ecb574d",46.954155,15.42893,NA,NA,NA,NA,NA,NA,"2023-04-28T13:02:11",28,4,2023,5035785,5035785,"HUMAN_OBSERVATION","iNaturalist","Observations","157070579",NA,"Дарья Юрьевна","2023-04-28T11:42:54","CC0_1_0","Franz Hillebrand","Franz Hillebrand",NA,NA,"2026-06-06T03:41:15.977Z","","COORDINATE_ROUNDED;CONTINENT_DERIVED_FROM_COORDINATES;TAXON_ID_NOT_FOUND"
4954528703,"50c9509d-22c7-4a22-a47d-8c48425ef4a7","https://www.inaturalist.org/observations/246593468","Animalia","Arthropoda","Insecta","Hymenoptera","Formicidae","Lasius","Lasius niger",NA,"SPECIES","Lasius niger (Linnaeus, 1758)","Lasius niger","","AT","","Steiermark","PRESENT",NA,"28eb1a3f-1c15-4a95-931a-4af90ecb574d",47.130796,15.353402,2,NA,NA,NA,NA,NA,"2024-10-09T13:59",9,10,2024,5035785,5035785,"HUMAN_OBSERVATION","iNaturalist","Observations","246593468",NA,"preitler","2024-10-10T08:05:12","CC_BY_NC_4_0","preitler","preitler",NA,NA,"2026-06-06T03:32:41.125Z","StillImage","COORDINATE_ROUNDED;CONTINENT_DERIVED_FROM_COORDINATES;TAXON_ID_NOT_FOUND"
4953143186,"50c9509d-22c7-4a22-a47d-8c48425ef4a7","https://www.inaturalist.org/observations/245731808","Animalia","Arthropoda","Insecta","Hymenoptera","Formicidae","Lasius","Lasius niger",NA,"SPECIES","Lasius niger (Linnaeus, 1758)","Lasius niger","","AT","","Steiermark","PRESENT",NA,"28eb1a3f-1c15-4a95-931a-4af90ecb574d",46.916008,15.604555,5,NA,NA,NA,NA,NA,"2024-10-05T12:38:17",5,10,2024,5035785,5035785,"HUMAN_OBSERVATION","iNaturalist","Observations","245731808",NA,"Moritz Kalensky","2024-10-05T23:00:16","CC_BY_NC_4_0","yara_birnstingl","yara_birnstingl",NA,NA,"2026-06-06T03:58:01.202Z","StillImage","COORDINATE_ROUNDED;CONTINENT_DERIVED_FROM_COORDINATES;TAXON_ID_NOT_FOUND"
4952255111,"50c9509d-22c7-4a22-a47d-8c48425ef4a7","https://www.inaturalist.org/observations/244190199","Animalia","Arthropoda","Insecta","Hymenoptera","Formicidae","Lasius","Lasius niger",NA,"SPECIES","Lasius niger (Linnaeus, 1758)","Lasius niger","","AT","","Wien","PRESENT",NA,"28eb1a3f-1c15-4a95-931a-4af90ecb574d",48.199981,16.522111,NA,NA,NA,NA,NA,NA,"2024-05-18T18:36",18,5,2024,5035785,5035785,"HUMAN_OBSERVATION","iNaturalist","Observations","244190199",NA,"Jonghyun Park","2024-09-26T20:01:13","CC_BY_NC_4_0","Jonghyun Park","Jonghyun Park",NA,NA,"2026-06-06T03:41:14.290Z","StillImage","COORDINATE_ROUNDED;CONTINENT_DERIVED_FROM_COORDINATES;TAXON_ID_NOT_FOUND"
4920929101,"c1492854-5d15-40e9-9ee7-24a18ac05112","C14609B0-1D6D-4121-A423-1A86D55581AB","Animalia","Arthropoda","Insecta","Hymenoptera","Formicidae","Lasius","Lasius niger",NA,"SPECIES","Lasius niger (Linnaeus, 1758)","Lasius niger (Linnaeus, 1758)","Linnaeus, 1758","AT","Salzburg","","PRESENT",NA,"7a070ba0-bafb-11d9-8e53-b8a03c50a862",47.78365,13.05815,3,NA,422,NA,NA,NA,"2024-04-26",26,4,2024,5035785,5035785,"HUMAN_OBSERVATION","HNS","Biodiversitätsdatenbank Salzburg","3218403",NA,"","","CC_BY_NC_4_0","","ContactID: 158895",NA,NA,"2026-05-22T05:02:22.430Z","","CONTINENT_DERIVED_FROM_COORDINATES"
4920860034,"c1492854-5d15-40e9-9ee7-24a18ac05112","D21CCD73-1E90-4CB5-BC0A-096A4D9B5E40","Animalia","Arthropoda","Insecta","Hymenoptera","Formicidae","Lasius","Lasius niger",NA,"SPECIES","Lasius niger (Linnaeus, 1758)","Lasius niger (Linnaeus, 1758)","Linnaeus, 1758","AT","Salzburg","","PRESENT",NA,"7a070ba0-bafb-11d9-8e53-b8a03c50a862",47.78667,13.05941,50,NA,421,NA,NA,NA,"2024-04-26",26,4,2024,5035785,5035785,"HUMAN_OBSERVATION","HNS","Biodiversitätsdatenbank Salzburg","3218404",NA,"","","CC_BY_NC_4_0","","ContactID: 158895",NA,NA,"2026-05-22T05:02:21.732Z","","CONTINENT_DERIVED_FROM_COORDINATES"
4920801694,"c1492854-5d15-40e9-9ee7-24a18ac05112","361C8A3A-5D7D-4672-9227-610DC17AB6C3","Animalia","Arthropoda","Insecta","Hymenoptera","Formicidae","Lasius","Lasius niger",NA,"SPECIES","Lasius niger (Linnaeus, 1758)","Lasius niger (Linnaeus, 1758)","Linnaeus, 1758","AT","Salzburg","","PRESENT",NA,"7a070ba0-bafb-11d9-8e53-b8a03c50a862",47.78661,13.05921,3,NA,421,NA,NA,NA,"2024-03-22",22,3,2024,5035785,5035785,"HUMAN_OBSERVATION","HNS","Biodiversitätsdatenbank Salzburg","3218402",NA,"","","CC_BY_NC_4_0","","ContactID: 158895",NA,NA,"2026-05-22T05:02:00.332Z","","CONTINENT_DERIVED_FROM_COORDINATES"
4920742851,"c1492854-5d15-40e9-9ee7-24a18ac05112","7D19E40E-8773-4EA8-BF98-8E5245D887EF","Animalia","Arthropoda","Insecta","Hymenoptera","Formicidae","Lasius","Lasius niger",NA,"SPECIES","Lasius niger (Linnaeus, 1758)","Lasius niger (Linnaeus, 1758)","Linnaeus, 1758","AT","Salzburg","","PRESENT",NA,"7a070ba0-bafb-11d9-8e53-b8a03c50a862",47.78409,13.04167,999,NA,NA,NA,NA,NA,"2024-04-26",26,4,2024,5035785,5035785,"HUMAN_OBSERVATION","HNS","Biodiversitätsdatenbank Salzburg","3218400",NA,"","","CC_BY_NC_4_0","","ContactID: 5133",NA,NA,"2026-05-22T05:02:00.064Z","","CONTINENT_DERIVED_FROM_COORDINATES"
4903808617,"50c9509d-22c7-4a22-a47d-8c48425ef4a7","https://www.inaturalist.org/observations/224835580","Animalia","Arthropoda","Insecta","Hymenoptera","Formicidae","Lasius","Lasius niger",NA,"SPECIES","Lasius niger (Linnaeus, 1758)","Lasius niger","","AT","","Tirol","PRESENT",NA,"28eb1a3f-1c15-4a95-931a-4af90ecb574d",47.5445,11.918877,91,NA,NA,NA,NA,NA,"2024-06-24T10:13:57",24,6,2024,5035785,5035785,"HUMAN_OBSERVATION","iNaturalist","Observations","224835580",NA,"Даниил Детков","2024-07-02T15:36:40","CC_BY_NC_4_0","Claudia Schröder","Claudia Schröder",NA,NA,"2026-06-06T03:40:52.369Z","StillImage","COORDINATE_ROUNDED;CONTINENT_DERIVED_FROM_COORDINATES;TAXON_ID_NOT_FOUND"
4887067549,"8a863029-f435-446a-821e-275f4f641165","https://observation.org/observation/306298678","Animalia","Arthropoda","Insecta","Hymenoptera","Formicidae","Lasius","Lasius niger",NA,"SPECIES","Lasius niger (Linnaeus, 1758)","Lasius niger","","AT","Salzburg - Leopoldskroner Weiher","Salzburg","PRESENT",1,"c8d737e0-2ff8-42e8-b8fc-6b805d26fc5f",47.784091,13.041671,NA,NA,NA,NA,NA,NA,"2024-04-26",26,4,2024,5035785,5035785,"HUMAN_OBSERVATION","","","",NA,"","","CC_BY_NC_4_0","Stichting Observation International","User 142718",NA,NA,"2026-06-02T18:44:08.349Z","StillImage",""
4883627491,"8a863029-f435-446a-821e-275f4f641165","https://observation.org/observation/307129071","Animalia","Arthropoda","Insecta","Hymenoptera","Formicidae","Lasius","Lasius niger",NA,"SPECIES","Lasius niger (Linnaeus, 1758)","Lasius niger","","AT","Salzburg - Botanischer Garten","Salzburg","PRESENT",1,"c8d737e0-2ff8-42e8-b8fc-6b805d26fc5f",47.786674,13.059405,50,NA,NA,NA,NA,NA,"2024-04-26",26,4,2024,5035785,5035785,"HUMAN_OBSERVATION","","","",NA,"","","CC_BY_NC_4_0","Stichting Observation International","User 169089",NA,NA,"2026-06-02T18:30:34.378Z","StillImage",""
4855247109,"50c9509d-22c7-4a22-a47d-8c48425ef4a7","https://www.inaturalist.org/observations/212319497","Animalia","Arthropoda","Insecta","Hymenoptera","Formicidae","Lasius","Lasius niger",NA,"SPECIES","Lasius niger (Linnaeus, 1758)","Lasius niger","","AT","","Steiermark","PRESENT",NA,"28eb1a3f-1c15-4a95-931a-4af90ecb574d",46.65543,15.520669,285,NA,NA,NA,NA,NA,"2024-04-26T17:52",26,4,2024,5035785,5035785,"HUMAN_OBSERVATION","iNaturalist","Observations","212319497",NA,"Felix Kraker","2024-05-05T21:08:42","CC_BY_4_0","Karim Strohriegl","Karim Strohriegl",NA,NA,"2026-06-06T03:40:27.022Z","","COORDINATE_ROUNDED;CONTINENT_DERIVED_FROM_COORDINATES;TAXON_ID_NOT_FOUND"
4855182610,"50c9509d-22c7-4a22-a47d-8c48425ef4a7","https://www.inaturalist.org/observations/212989534","Animalia","Arthropoda","Insecta","Hymenoptera","Formicidae","Lasius","Lasius niger",NA,"SPECIES","Lasius niger (Linnaeus, 1758)","Lasius niger","","AT","","Steiermark","PRESENT",NA,"28eb1a3f-1c15-4a95-931a-4af90ecb574d",46.656402,15.522096,48,NA,NA,NA,NA,NA,"2024-04-26T21:34",26,4,2024,5035785,5035785,"HUMAN_OBSERVATION","iNaturalist","Observations","212989534",NA,"Felix Kraker","2024-05-02T21:10:01","CC_BY_NC_4_0","Felix Kraker","Felix Kraker",NA,NA,"2026-06-06T03:40:26.118Z","StillImage","COORDINATE_ROUNDED;CONTINENT_DERIVED_FROM_COORDINATES;TAXON_ID_NOT_FOUND"
4854980883,"50c9509d-22c7-4a22-a47d-8c48425ef4a7","https://www.inaturalist.org/observations/212940786","Animalia","Arthropoda","Insecta","Hymenoptera","Formicidae","Lasius","Lasius niger",NA,"SPECIES","Lasius niger (Linnaeus, 1758)","Lasius niger","","AT","","Steiermark","PRESENT",NA,"28eb1a3f-1c15-4a95-931a-4af90ecb574d",46.656726,15.522975,16,NA,NA,NA,NA,NA,"2024-04-26T19:47",26,4,2024,5035785,5035785,"HUMAN_OBSERVATION","iNaturalist","Observations","212940786",NA,"Felix Kraker","2024-05-02T17:49:18","CC_BY_NC_4_0","Felix Kraker","Felix Kraker",NA,NA,"2026-06-06T03:56:20.760Z","StillImage","COORDINATE_ROUNDED;CONTINENT_DERIVED_FROM_COORDINATES;TAXON_ID_NOT_FOUND"
4606555522,"50c9509d-22c7-4a22-a47d-8c48425ef4a7","https://www.inaturalist.org/observations/48839659","Animalia","Arthropoda","Insecta","Hymenoptera","Formicidae","Lasius","Lasius niger",NA,"SPECIES","Lasius niger (Linnaeus, 1758)","Lasius niger","","AT","","Niederösterreich","PRESENT",NA,"28eb1a3f-1c15-4a95-931a-4af90ecb574d",48.044909,16.450055,2,NA,NA,NA,NA,NA,"2020-06-06T17:46",6,6,2020,5035785,5035785,"HUMAN_OBSERVATION","iNaturalist","Observations","48839659",NA,"Oliver Drescher","2020-06-07T21:44:56","CC_BY_NC_4_0","Oliver Drescher","Oliver Drescher",NA,NA,"2026-06-06T03:48:52.593Z","","COORDINATE_ROUNDED;CONTINENT_DERIVED_FROM_COORDINATES;TAXON_ID_NOT_FOUND"
4423303885,"c1492854-5d15-40e9-9ee7-24a18ac05112","BE77061A-5BBA-440B-BC9C-25C3FF4A01A8","Animalia","Arthropoda","Insecta","Hymenoptera","Formicidae","Lasius","Lasius niger",NA,"SPECIES","Lasius niger (Linnaeus, 1758)","Lasius niger (Linnaeus, 1758)","Linnaeus, 1758","AT","Lambach","","PRESENT",NA,"7a070ba0-bafb-11d9-8e53-b8a03c50a862",48.08733,13.86344,5,NA,347,NA,NA,NA,"2023-07-06",6,7,2023,5035785,5035785,"HUMAN_OBSERVATION","HNS","Biodiversitätsdatenbank Salzburg","3063930",NA,"","","CC_BY_NC_4_0","","ContactID: 3756",NA,NA,"2026-05-22T05:02:19.660Z","","CONTINENT_DERIVED_FROM_COORDINATES"
4423248742,"c1492854-5d15-40e9-9ee7-24a18ac05112","4DDFA8DD-A79C-46A8-8E59-3C21F310813B","Animalia","Arthropoda","Insecta","Hymenoptera","Formicidae","Lasius","Lasius niger",NA,"SPECIES","Lasius niger (Linnaeus, 1758)","Lasius niger (Linnaeus, 1758)","Linnaeus, 1758","AT","Salzburg","","PRESENT",NA,"7a070ba0-bafb-11d9-8e53-b8a03c50a862",47.7967,13.08001,5,NA,428,NA,NA,NA,"2023-04-30",30,4,2023,5035785,5035785,"HUMAN_OBSERVATION","HNS","Biodiversitätsdatenbank Salzburg","3028240",NA,"","","CC_BY_NC_4_0","","ContactID: 3682",NA,NA,"2026-05-22T05:01:58.993Z","","CONTINENT_DERIVED_FROM_COORDINATES"
4423190692,"c1492854-5d15-40e9-9ee7-24a18ac05112","CBB4B698-871E-4865-A78F-D46BE12C1AB1","Animalia","Arthropoda","Insecta","Hymenoptera","Formicidae","Lasius","Lasius niger",NA,"SPECIES","Lasius niger (Linnaeus, 1758)","Lasius niger (Linnaeus, 1758)","Linnaeus, 1758","AT","Salzburg","","PRESENT",NA,"7a070ba0-bafb-11d9-8e53-b8a03c50a862",47.79589,13.02746,5,NA,428,NA,NA,NA,"2023-04-28",28,4,2023,5035785,5035785,"HUMAN_OBSERVATION","HNS","Biodiversitätsdatenbank Salzburg","3041026",NA,"","","CC_BY_NC_4_0","","ContactID: 5133",NA,NA,"2026-05-22T05:01:57.745Z","","CONTINENT_DERIVED_FROM_COORDINATES"
4158656651,"8a863029-f435-446a-821e-275f4f641165","https://observation.org/observation/269795358","Animalia","Arthropoda","Insecta","Hymenoptera","Formicidae","Lasius","Lasius niger",NA,"SPECIES","Lasius niger (Linnaeus, 1758)","Lasius niger","","AT","Salzburg (Statutarstadt)","Salzburg","PRESENT",1,"c8d737e0-2ff8-42e8-b8fc-6b805d26fc5f",47.796699,13.080014,5,NA,NA,NA,NA,NA,"2023-04-30",30,4,2023,5035785,5035785,"HUMAN_OBSERVATION","","","",NA,"","","CC_BY_NC_4_0","Stichting Observation International","User 166207",NA,NA,"2026-06-02T18:39:13.916Z","StillImage",""
4111729371,"50c9509d-22c7-4a22-a47d-8c48425ef4a7","https://www.inaturalist.org/observations/115542519","Animalia","Arthropoda","Insecta","Hymenoptera","Formicidae","Lasius","Lasius niger",NA,"SPECIES","Lasius niger (Linnaeus, 1758)","Lasius niger","","AT","","Steiermark","PRESENT",NA,"28eb1a3f-1c15-4a95-931a-4af90ecb574d",47.121718,15.489638,105,NA,NA,NA,NA,NA,"2022-04-29T22:33",29,4,2022,5035785,5035785,"HUMAN_OBSERVATION","iNaturalist","Observations","115542519",NA,"Felix Kraker","2022-05-05T11:35:37","CC_BY_NC_4_0","Felix Kraker","Felix Kraker",NA,NA,"2026-06-06T03:30:03.079Z","StillImage","COORDINATE_ROUNDED;CONTINENT_DERIVED_FROM_COORDINATES;TAXON_ID_NOT_FOUND"
4111607378,"50c9509d-22c7-4a22-a47d-8c48425ef4a7","https://www.inaturalist.org/observations/115516736","Animalia","Arthropoda","Insecta","Hymenoptera","Formicidae","Lasius","Lasius niger",NA,"SPECIES","Lasius niger (Linnaeus, 1758)","Lasius niger","","AT","","Steiermark","PRESENT",NA,"28eb1a3f-1c15-4a95-931a-4af90ecb574d",47.112132,15.469144,132,NA,NA,NA,NA,NA,"2022-04-29T16:30",29,4,2022,5035785,5035785,"HUMAN_OBSERVATION","iNaturalist","Observations","115516736",NA,"Felix Kraker","2022-05-05T06:06:23","CC_BY_NC_4_0","Felix Kraker","Felix Kraker",NA,NA,"2026-06-06T03:39:09.223Z","StillImage","COORDINATE_ROUNDED;CONTINENT_DERIVED_FROM_COORDINATES;TAXON_ID_NOT_FOUND"
4080562865,"50c9509d-22c7-4a22-a47d-8c48425ef4a7","https://www.inaturalist.org/observations/153725908","Animalia","Arthropoda","Insecta","Hymenoptera","Formicidae","Lasius","Lasius niger",NA,"SPECIES","Lasius niger (Linnaeus, 1758)","Lasius niger","","AT","","Oberösterreich","PRESENT",NA,"28eb1a3f-1c15-4a95-931a-4af90ecb574d",48.09134,14.2707,NA,NA,NA,NA,NA,NA,"2023-04-06T20:24",6,4,2023,5035785,5035785,"HUMAN_OBSERVATION","iNaturalist","Observations","153725908",NA,"Max Devis","2023-04-06T20:44:21","CC_BY_4_0","Georg Haberfellner","Georg Haberfellner",NA,NA,"2026-06-06T03:39:03.326Z","StillImage","CONTINENT_DERIVED_FROM_COORDINATES;TAXON_ID_NOT_FOUND"
4076273645,"50c9509d-22c7-4a22-a47d-8c48425ef4a7","https://www.inaturalist.org/observations/120926476","Animalia","Arthropoda","Insecta","Hymenoptera","Formicidae","Lasius","Lasius niger",NA,"SPECIES","Lasius niger (Linnaeus, 1758)","Lasius niger","","AT","","Burgenland","PRESENT",NA,"28eb1a3f-1c15-4a95-931a-4af90ecb574d",47.769475,16.755585,NA,NA,NA,NA,NA,NA,"2022-06-03T02:36",3,6,2022,5035785,5035785,"HUMAN_OBSERVATION","iNaturalist","Observations","120926476",NA,"Veikko Yrjölä","2022-06-09T21:53:35","CC_BY_NC_4_0","gernotkunz","gernotkunz",NA,NA,"2026-06-06T03:29:59.340Z","","CONTINENT_DERIVED_FROM_COORDINATES;TAXON_ID_NOT_FOUND"
4075596961,"50c9509d-22c7-4a22-a47d-8c48425ef4a7","https://www.inaturalist.org/observations/151737601","Animalia","Arthropoda","Insecta","Hymenoptera","Formicidae","Lasius","Lasius niger",NA,"SPECIES","Lasius niger (Linnaeus, 1758)","Lasius niger","","AT","","Steiermark","PRESENT",NA,"28eb1a3f-1c15-4a95-931a-4af90ecb574d",46.948831,15.403196,1,NA,NA,NA,NA,NA,"2023-03-20T14:56",20,3,2023,5035785,5035785,"HUMAN_OBSERVATION","iNaturalist","Observations","151737601",NA,"","","CC_BY_NC_4_0","Petzenbär","Petzenbär",NA,NA,"2026-06-06T03:38:59.001Z","StillImage","CONTINENT_DERIVED_FROM_COORDINATES;TAXON_ID_NOT_FOUND"
4015202522,"50c9509d-22c7-4a22-a47d-8c48425ef4a7","https://www.inaturalist.org/observations/122841907","Animalia","Arthropoda","Insecta","Hymenoptera","Formicidae","Lasius","Lasius niger",NA,"SPECIES","Lasius niger (Linnaeus, 1758)","Lasius niger","","AT","","Oberösterreich","PRESENT",NA,"28eb1a3f-1c15-4a95-931a-4af90ecb574d",48.091308,14.270677,NA,NA,NA,NA,NA,NA,"2022-06-21T18:51:16",21,6,2022,5035785,5035785,"HUMAN_OBSERVATION","iNaturalist","Observations","122841907",NA,"Benjamin Palm","2023-01-08T19:37:12","CC_BY_4_0","Georg Haberfellner","Georg Haberfellner",NA,NA,"2026-06-06T03:29:56.773Z","StillImage","COORDINATE_ROUNDED;CONTINENT_DERIVED_FROM_COORDINATES;TAXON_ID_NOT_FOUND"
3944541283,"c1492854-5d15-40e9-9ee7-24a18ac05112","ACF39536-8DA2-4E5C-BF3A-B48BE44654EE","Animalia","Arthropoda","Insecta","Hymenoptera","Formicidae","Lasius","Lasius niger",NA,"SPECIES","Lasius niger (Linnaeus, 1758)","Lasius niger (Linnaeus, 1758)","Linnaeus, 1758","AT","Salzburg","","PRESENT",NA,"7a070ba0-bafb-11d9-8e53-b8a03c50a862",47.79333,13.03542,5,NA,430,NA,NA,NA,"2022-05-01",1,5,2022,5035785,5035785,"HUMAN_OBSERVATION","HNS","Biodiversitätsdatenbank Salzburg","2839098",NA,"","","CC_BY_NC_4_0","","ContactID: 5133",NA,NA,"2026-05-22T05:02:00.014Z","","CONTINENT_DERIVED_FROM_COORDINATES"
3925894384,"13b70480-bd69-11dd-b15f-b8a03c50a862","CAS:ANTWEB:ss190582ss22c016f","Animalia","Arthropoda","Insecta","Hymenoptera","Formicidae","Lasius","Lasius niger",NA,"SPECIES","Lasius niger (Linnaeus, 1758)","lasius niger","","AT","","Burgenland","PRESENT",NA,"66522820-055c-11d8-b84e-b8a03c50a862",47.84,16.8,NA,NA,0,NA,NA,NA,"2022-05-27",27,5,2022,5035785,5035785,"PRESERVED_SPECIMEN","CAS","ANTWEB","ss190582ss22c016f",NA,"S. Schär","2022-06-05T00:00:00","CC_BY_4_0","","S. Schär",NA,NA,"2026-06-08T12:08:29.432Z","","GEODETIC_DATUM_ASSUMED_WGS84;CONTINENT_DERIVED_FROM_COORDINATES;COLLECTION_MATCH_NONE;INSTITUTION_MATCH_FUZZY"
3925894378,"13b70480-bd69-11dd-b15f-b8a03c50a862","CAS:ANTWEB:ss190582ss22c007h","Animalia","Arthropoda","Insecta","Hymenoptera","Formicidae","Lasius","Lasius niger",NA,"SPECIES","Lasius niger (Linnaeus, 1758)","lasius niger","","AT","","Burgenland","PRESENT",NA,"66522820-055c-11d8-b84e-b8a03c50a862",47.93,16.76,NA,NA,0,NA,NA,NA,"2022-05-26",26,5,2022,5035785,5035785,"PRESERVED_SPECIMEN","CAS","ANTWEB","ss190582ss22c007h",NA,"S. Schär","2022-05-31T00:00:00","CC_BY_4_0","","S. Schär",NA,NA,"2026-06-08T12:08:57.543Z","","GEODETIC_DATUM_ASSUMED_WGS84;CONTINENT_DERIVED_FROM_COORDINATES;COLLECTION_MATCH_NONE;INSTITUTION_MATCH_FUZZY"
3884878591,"857bce66-f762-11e1-a439-00145eb45e9a","https://www.zobodat.at/belege.php?id=1917537","Animalia","Arthropoda","Insecta","Hymenoptera","Formicidae","Lasius","Lasius niger",NA,"SPECIES","Lasius niger (Linnaeus, 1758)","Lasius niger Linnaeus, 1758","Linnaeus, 1758","AT","'Metschach W Zweikirchen Bf26'","","PRESENT",NA,"2d6e0e40-2aee-11d8-aa2d-b8a03c50a862",46.700001,14.24,500,NA,520,NA,NA,NA,"1990-06-12",12,6,1990,5035785,5035785,"HUMAN_OBSERVATION","LI","ZOBODAT","1917537",NA,"Kofler Alois","","CC0_1_0","","Wieser Christian",NA,NA,"2026-05-28T22:06:15.821Z","","COORDINATE_ROUNDED;CONTINENT_DERIVED_FROM_COORDINATES"
3882822666,"857bce66-f762-11e1-a439-00145eb45e9a","https://www.zobodat.at/belege.php?id=3288901","Animalia","Arthropoda","Insecta","Hymenoptera","Formicidae","Lasius","Lasius niger",NA,"SPECIES","Lasius niger (Linnaeus, 1758)","Lasius niger Linnaeus, 1758","Linnaeus, 1758","AT","St.Valentin O Enns","","PRESENT",NA,"2d6e0e40-2aee-11d8-aa2d-b8a03c50a862",48.169998,14.53,500,NA,267,NA,NA,NA,"1977-09-17",17,9,1977,5035785,5035785,"PRESERVED_SPECIMEN","LI","ZOBODAT","3288901",NA,"","","CC0_1_0","","Kremslehner Karl",NA,NA,"2026-05-28T22:05:53.331Z","","COORDINATE_ROUNDED;CONTINENT_DERIVED_FROM_COORDINATES;COLLECTION_MATCH_NONE;INSTITUTION_MATCH_FUZZY"
3858704132,"50c9509d-22c7-4a22-a47d-8c48425ef4a7","https://www.inaturalist.org/observations/119904812","Animalia","Arthropoda","Insecta","Hymenoptera","Formicidae","Lasius","Lasius niger",NA,"SPECIES","Lasius niger (Linnaeus, 1758)","Lasius niger","","AT","","Oberösterreich","PRESENT",NA,"28eb1a3f-1c15-4a95-931a-4af90ecb574d",48.09139,14.270644,22,NA,NA,NA,NA,NA,"2022-06-02T17:35:57",2,6,2022,5035785,5035785,"HUMAN_OBSERVATION","iNaturalist","Observations","119904812",NA,"Georg Haberfellner","2022-06-02T18:26:09","CC_BY_4_0","Georg Haberfellner","Georg Haberfellner",NA,NA,"2026-06-06T03:46:43.687Z","StillImage","COORDINATE_ROUNDED;CONTINENT_DERIVED_FROM_COORDINATES;TAXON_ID_NOT_FOUND"
3383423964,"c1492854-5d15-40e9-9ee7-24a18ac05112","3039B258-BCFB-4490-8607-1C7D8705B7E6","Animalia","Arthropoda","Insecta","Hymenoptera","Formicidae","Lasius","Lasius niger",NA,"SPECIES","Lasius niger (Linnaeus, 1758)","Lasius niger (Linnaeus, 1758)","Linnaeus, 1758","AT","Salzburg","","PRESENT",NA,"7a070ba0-bafb-11d9-8e53-b8a03c50a862",47.79214,13.02014,999,NA,427,NA,NA,NA,"2021-05-14",14,5,2021,5035785,5035785,"HUMAN_OBSERVATION","HNS","Biodiversitätsdatenbank Salzburg","2611984",NA,"","","CC_BY_NC_4_0","","ContactID: 5133",NA,NA,"2026-05-22T05:02:26.274Z","","CONTINENT_DERIVED_FROM_COORDINATES"
3112806715,"50c9509d-22c7-4a22-a47d-8c48425ef4a7","https://www.inaturalist.org/observations/77514988","Animalia","Arthropoda","Insecta","Hymenoptera","Formicidae","Lasius","Lasius niger",NA,"SPECIES","Lasius niger (Linnaeus, 1758)","Lasius niger","","AT","","Steiermark","PRESENT",NA,"28eb1a3f-1c15-4a95-931a-4af90ecb574d",47.121802,15.490588,7,NA,NA,NA,NA,NA,"2021-05-01T12:55",1,5,2021,5035785,5035785,"HUMAN_OBSERVATION","iNaturalist","Observations","77514988",NA,"Heri Wagner","2021-05-06T12:06:38","CC_BY_NC_4_0","gernotkunz","gernotkunz",NA,NA,"2026-06-06T03:37:22.795Z","","COORDINATE_ROUNDED;CONTINENT_DERIVED_FROM_COORDINATES;TAXON_ID_NOT_FOUND"
3011416537,"c1492854-5d15-40e9-9ee7-24a18ac05112","F42C7C7F-663F-468A-B336-100FCBE05D58","Animalia","Arthropoda","Insecta","Hymenoptera","Formicidae","Lasius","Lasius niger",NA,"SPECIES","Lasius niger (Linnaeus, 1758)","Lasius niger (Linnaeus, 1758)","Linnaeus, 1758","AT","Salzburg","","PRESENT",NA,"7a070ba0-bafb-11d9-8e53-b8a03c50a862",47.790524,13.061537,20,NA,420,NA,NA,NA,"2008-09",NA,9,2008,5035785,5035785,"PRESERVED_SPECIMEN","HNS","Biodiversitätsdatenbank Salzburg","574172",NA,"","","CC_BY_NC_4_0","","ContactID: 1869",NA,NA,"2026-05-22T05:01:53.353Z","","CONTINENT_DERIVED_FROM_COORDINATES;COLLECTION_MATCH_NONE;INSTITUTION_MATCH_FUZZY"
3011214192,"c1492854-5d15-40e9-9ee7-24a18ac05112","B55BA813-3711-4B03-A123-60CFCA30C1C9","Animalia","Arthropoda","Insecta","Hymenoptera","Formicidae","Lasius","Lasius niger",NA,"SPECIES","Lasius niger (Linnaeus, 1758)","Lasius niger (Linnaeus, 1758)","Linnaeus, 1758","AT","Salzburg","","PRESENT",NA,"7a070ba0-bafb-11d9-8e53-b8a03c50a862",47.786553,13.059708,111,NA,422,NA,NA,NA,"2009-04-26",26,4,2009,5035785,5035785,"PRESERVED_SPECIMEN","HNS","Biodiversitätsdatenbank Salzburg","574581",NA,"","","CC_BY_NC_4_0","","ContactID: 1869",NA,NA,"2026-05-22T05:01:45.591Z","","CONTINENT_DERIVED_FROM_COORDINATES;COLLECTION_MATCH_NONE;INSTITUTION_MATCH_FUZZY"
3010872142,"c1492854-5d15-40e9-9ee7-24a18ac05112","4F03F28D-DC84-4568-A1AC-8F8F606CE2B9","Animalia","Arthropoda","Insecta","Hymenoptera","Formicidae","Lasius","Lasius niger",NA,"SPECIES","Lasius niger (Linnaeus, 1758)","Lasius niger (Linnaeus, 1758)","Linnaeus, 1758","AT","Salzburg","","PRESENT",NA,"7a070ba0-bafb-11d9-8e53-b8a03c50a862",47.7871,13.059172,20,NA,422,NA,NA,NA,"2009-04-26",26,4,2009,5035785,5035785,"PRESERVED_SPECIMEN","HNS","Biodiversitätsdatenbank Salzburg","574578",NA,"","","CC_BY_NC_4_0","","ContactID: 1869",NA,NA,"2026-05-22T05:01:45.153Z","","CONTINENT_DERIVED_FROM_COORDINATES;COLLECTION_MATCH_NONE;INSTITUTION_MATCH_FUZZY"
3010735014,"c1492854-5d15-40e9-9ee7-24a18ac05112","23A76435-CEA0-406E-9FA7-2BFBF541AA62","Animalia","Arthropoda","Insecta","Hymenoptera","Formicidae","Lasius","Lasius niger",NA,"SPECIES","Lasius niger (Linnaeus, 1758)","Lasius niger (Linnaeus, 1758)","Linnaeus, 1758","AT","Salzburg","","PRESENT",NA,"7a070ba0-bafb-11d9-8e53-b8a03c50a862",47.78668,13.0591,20,NA,422,NA,NA,NA,"2010-05-02",2,5,2010,5035785,5035785,"PRESERVED_SPECIMEN","HNS","Biodiversitätsdatenbank Salzburg","594885",NA,"","","CC_BY_NC_4_0","","ContactID: 1869",NA,NA,"2026-05-22T05:01:42.200Z","","CONTINENT_DERIVED_FROM_COORDINATES;COLLECTION_MATCH_NONE;INSTITUTION_MATCH_FUZZY"
3009217969,"c7730a08-74b4-48cd-80a7-831a19ac660d","3457A48B-2EF2-45B2-BB7B-F7E276BABD13","Animalia","Arthropoda","Insecta","Hymenoptera","Formicidae","Lasius","Lasius niger",NA,"SPECIES","Lasius niger (Linnaeus, 1758)","Lasius niger (Linnaeus, 1758)","Linnaeus, 1758","AT","Mallnitz","","PRESENT",NA,"7a070ba0-bafb-11d9-8e53-b8a03c50a862",46.978624,13.180597,20,NA,1200,NA,NA,NA,"2009-08-01",1,8,2009,5035785,5035785,"PRESERVED_SPECIMEN","HNS","Biodiversitätsdatenbank Nationalpark Hohe Tauern","594212",NA,"","","CC_BY_NC_4_0","","ContactID: 4997",NA,NA,"2026-05-28T13:06:58.612Z","","CONTINENT_DERIVED_FROM_COORDINATES;COLLECTION_MATCH_NONE;INSTITUTION_MATCH_FUZZY"
3008519847,"50c9509d-22c7-4a22-a47d-8c48425ef4a7","https://www.inaturalist.org/observations/66876885","Animalia","Arthropoda","Insecta","Hymenoptera","Formicidae","Lasius","Lasius niger",NA,"SPECIES","Lasius niger (Linnaeus, 1758)","Lasius niger","","AT","","Niederösterreich","PRESENT",NA,"28eb1a3f-1c15-4a95-931a-4af90ecb574d",47.668872,16.132262,NA,NA,NA,NA,NA,NA,"2020-12-21T14:30",21,12,2020,5035785,5035785,"HUMAN_OBSERVATION","iNaturalist","Observations","66876885",NA,"Michael Knapp","2020-12-21T14:42:07","CC_BY_4_0","Michael Knapp","Michael Knapp",NA,NA,"2026-06-06T04:01:10.984Z","StillImage","COORDINATE_ROUNDED;CONTINENT_DERIVED_FROM_COORDINATES;TAXON_ID_NOT_FOUND"
2429599303,"50c9509d-22c7-4a22-a47d-8c48425ef4a7","https://www.inaturalist.org/observations/34403745","Animalia","Arthropoda","Insecta","Hymenoptera","Formicidae","Lasius","Lasius niger",NA,"SPECIES","Lasius niger (Linnaeus, 1758)","Lasius niger","","AT","","Steiermark","PRESENT",NA,"28eb1a3f-1c15-4a95-931a-4af90ecb574d",47.035164,15.392903,5,NA,NA,NA,NA,NA,"2019-10-15T13:27:48",15,10,2019,5035785,5035785,"HUMAN_OBSERVATION","iNaturalist","Observations","34403745",NA,"Raven Dandridge","2019-10-15T12:47:36","CC_BY_NC_4_0","simoneell","simoneell",NA,NA,"2026-06-06T03:27:01.928Z","StillImage","COORDINATE_ROUNDED;CONTINENT_DERIVED_FROM_COORDINATES;TAXON_ID_NOT_FOUND"
237859028,"7137f448-f762-11e1-a439-00145eb45e9a","","Animalia","Arthropoda","Insecta","Hymenoptera","Formicidae","Lasius","Lasius niger",NA,"SPECIES","Lasius niger (Linnaeus, 1758)","Lasius niger (Linnaeus, 1758)","","AT","Pfaffstätten","","PRESENT",NA,"ef69a030-3940-11dd-b168-b8a03c50a862",48.019496,16.246161,NA,NA,NA,NA,NA,NA,"2009-06-06",6,6,2009,5035785,5035785,"HUMAN_OBSERVATION","GEO","Biosphärenpark Wienerwald - Pfaffstätten","294990",NA,"","","CC_BY_4_0","","",NA,NA,"2026-06-04T15:23:18.533Z","","COORDINATE_ROUNDED;GEODETIC_DATUM_ASSUMED_WGS84;CONTINENT_DERIVED_FROM_COORDINATES"
165129839,"63879c9a-f762-11e1-a439-00145eb45e9a","","Animalia","Arthropoda","Insecta","Hymenoptera","Formicidae","Lasius","Lasius niger",NA,"SPECIES","Lasius niger (Linnaeus, 1758)","Lasius niger (Linnaeus, 1758)","","AT","Bernhardsthal","","PRESENT",NA,"ef69a030-3940-11dd-b168-b8a03c50a862",48.684547,16.86832,NA,NA,NA,NA,NA,NA,"2008-06-12",12,6,2008,5035785,5035785,"HUMAN_OBSERVATION","GEO","Bernhardsthal","208730",NA,"","","CC_BY_4_0","","",NA,NA,"2026-06-04T22:46:13.613Z","","COORDINATE_ROUNDED;GEODETIC_DATUM_ASSUMED_WGS84;CONTINENT_DERIVED_FROM_COORDINATES"
164182547,"89a5e170-f762-11e1-a439-00145eb45e9a","","Animalia","Arthropoda","Insecta","Hymenoptera","Formicidae","Lasius","Lasius niger",NA,"SPECIES","Lasius niger (Linnaeus, 1758)","Lasius niger (Linnaeus, 1758)","","AT","Innsbruck","","PRESENT",NA,"ef69a030-3940-11dd-b168-b8a03c50a862",47.269668,11.413511,NA,NA,NA,NA,NA,NA,"2004-06-12",12,6,2004,5035785,5035785,"HUMAN_OBSERVATION","GEO","GEO Hauptveranstaltung Tirol (Innsbruck)","35409",NA,"","","CC_BY_4_0","","",NA,NA,"2026-06-04T23:25:45.957Z","","COORDINATE_ROUNDED;GEODETIC_DATUM_ASSUMED_WGS84;CONTINENT_DERIVED_FROM_COORDINATES"
1562886331,"50c9509d-22c7-4a22-a47d-8c48425ef4a7","https://www.inaturalist.org/observations/5557272","Animalia","Arthropoda","Insecta","Hymenoptera","Formicidae","Lasius","Lasius niger",NA,"SPECIES","Lasius niger (Linnaeus, 1758)","Lasius niger","","AT","","Kärnten","PRESENT",NA,"28eb1a3f-1c15-4a95-931a-4af90ecb574d",46.636946,13.947832,65,NA,NA,NA,NA,NA,"2017-02-22",22,2,2017,5035785,5035785,"HUMAN_OBSERVATION","iNaturalist","Observations","5557272",NA,"loyzn","2017-04-03T19:40:27","CC_BY_NC_4_0","loyzn","loyzn",NA,NA,"2026-06-06T03:36:01.417Z","StillImage","COORDINATE_ROUNDED;CONTINENT_DERIVED_FROM_COORDINATES;TAXON_ID_NOT_FOUND"
