"gbifID","datasetKey","occurrenceID","kingdom","phylum","class","order","family","genus","species","infraspecificEpithet","taxonRank","scientificName","verbatimScientificName","verbatimScientificNameAuthorship","countryCode","locality","stateProvince","occurrenceStatus","individualCount","publishingOrgKey","decimalLatitude","decimalLongitude","coordinateUncertaintyInMeters","coordinatePrecision","elevation","elevationAccuracy","depth","depthAccuracy","eventDate","day","month","year","taxonKey","speciesKey","basisOfRecord","institutionCode","collectionCode","catalogNumber","recordNumber","identifiedBy","dateIdentified","license","rightsHolder","recordedBy","typeStatus","establishmentMeans","lastInterpreted","mediaType","issue",".val",".equ",".zer",".cap",".cen",".sea",".otl",".gbf",".inst",".dpl",".summary"
5827350764,"c1492854-5d15-40e9-9ee7-24a18ac05112","4DD16617-14CD-46E5-BD18-CE5B0DDFFE8B","Fungi","Ascomycota","Lecanoromycetes","Lecanorales","Parmeliaceae","Hypogymnia","Hypogymnia physodes","","SPECIES","Hypogymnia physodes (L.) Nyl.","Hypogymnia physodes (L.) Nyl.","(L.) Nyl., 1896","AT","Maishofen","","PRESENT",NA,"7a070ba0-bafb-11d9-8e53-b8a03c50a862",47.378738,12.778187,6,NA,NA,NA,NA,NA,"2025-04-28",28,4,2025,7247635,7247635,"HUMAN_OBSERVATION","HNS","Biodiversitätsdatenbank Salzburg","3720620","","","","CC_BY_NC_4_0","","ContactID: 3756","",NA,"2026-04-24T01:59:22.948Z","","COORDINATE_ROUNDED;CONTINENT_DERIVED_FROM_COORDINATES",TRUE,TRUE,TRUE,TRUE,TRUE,TRUE,TRUE,TRUE,TRUE,TRUE,TRUE
6131064846,"50c9509d-22c7-4a22-a47d-8c48425ef4a7","https://www.inaturalist.org/observations/335759643","Fungi","Ascomycota","Lecanoromycetes","Lecanorales","Parmeliaceae","Hypogymnia","Hypogymnia physodes","","SPECIES","Hypogymnia physodes (L.) Nyl.","Hypogymnia physodes","","AT","","Steiermark","PRESENT",NA,"28eb1a3f-1c15-4a95-931a-4af90ecb574d",47.1232,14.196,1000,NA,NA,NA,NA,NA,"2025-07-28T15:00",28,7,2025,7247635,7247635,"HUMAN_OBSERVATION","iNaturalist","Observations","335759643","","lastovka","2026-01-22T22:15:25","CC_BY_NC_4_0","lastovka","lastovka","",NA,"2026-04-24T17:20:13.294Z","StillImage","CONTINENT_DERIVED_FROM_COORDINATES;TAXON_ID_NOT_FOUND",TRUE,TRUE,TRUE,TRUE,TRUE,TRUE,TRUE,TRUE,TRUE,TRUE,TRUE
3883922666,"857bce66-f762-11e1-a439-00145eb45e9a","https://www.zobodat.at/belege.php?id=100210650","Fungi","Ascomycota","Lecanoromycetes","Lecanorales","Parmeliaceae","Hypogymnia","Hypogymnia physodes","","SPECIES","Hypogymnia physodes (L.) Nyl.","Hypogymnia physodes (L.) Nyl.","(L.) Nyl.","AT","8933/0","","PRESENT",NA,"2d6e0e40-2aee-11d8-aa2d-b8a03c50a862",47.049999,11.25,5000,NA,NA,NA,NA,NA,"",NA,NA,NA,7247635,7247635,"HUMAN_OBSERVATION","LI","ZOBODAT","100210650","","Türk Roman","","CC0_1_0","","","",NA,"2026-04-24T00:20:51.493Z","","COORDINATE_ROUNDED;CONTINENT_DERIVED_FROM_COORDINATES",TRUE,TRUE,TRUE,TRUE,TRUE,TRUE,TRUE,TRUE,TRUE,TRUE,TRUE
3884299494,"857bce66-f762-11e1-a439-00145eb45e9a","https://www.zobodat.at/belege.php?id=100175261","Fungi","Ascomycota","Lecanoromycetes","Lecanorales","Parmeliaceae","Hypogymnia","Hypogymnia physodes","","SPECIES","Hypogymnia physodes (L.) Nyl.","Hypogymnia physodes (L.) Nyl.","(L.) Nyl.","AT","7962/0","","PRESENT",NA,"2d6e0e40-2aee-11d8-aa2d-b8a03c50a862",48.049999,16.083334,5000,NA,NA,NA,NA,NA,"",NA,NA,NA,7247635,7247635,"HUMAN_OBSERVATION","LI","ZOBODAT","100175261","","Türk Roman","","CC0_1_0","","","",NA,"2026-04-24T00:16:08.605Z","","COORDINATE_ROUNDED;CONTINENT_DERIVED_FROM_COORDINATES",TRUE,TRUE,TRUE,TRUE,TRUE,TRUE,TRUE,TRUE,TRUE,TRUE,TRUE
3009378400,"c7730a08-74b4-48cd-80a7-831a19ac660d","FC8AC776-86CA-4811-B60B-B5377E6744B0","Fungi","Ascomycota","Lecanoromycetes","Lecanorales","Parmeliaceae","Hypogymnia","Hypogymnia physodes","","SPECIES","Hypogymnia physodes (L.) Nyl.","Hypogymnia physodes (L.) Nyl.","(L.) Nyl., 1896","AT","Krimml","","PRESENT",NA,"7a070ba0-bafb-11d9-8e53-b8a03c50a862",47.188056,12.177222,NA,NA,1550,NA,NA,NA,"2009-07-29",29,7,2009,7247635,7247635,"HUMAN_OBSERVATION","HNS","Biodiversitätsdatenbank Nationalpark Hohe Tauern","1540749","","","","CC_BY_NC_4_0","","ContactID: 4372","",NA,"2026-04-24T10:37:33.628Z","","CONTINENT_DERIVED_FROM_COORDINATES",TRUE,TRUE,TRUE,TRUE,TRUE,TRUE,TRUE,TRUE,TRUE,TRUE,TRUE
3885636798,"857bce66-f762-11e1-a439-00145eb45e9a","https://www.zobodat.at/belege.php?id=100169524","Fungi","Ascomycota","Lecanoromycetes","Lecanorales","Parmeliaceae","Hypogymnia","Hypogymnia physodes","","SPECIES","Hypogymnia physodes (L.) Nyl.","Hypogymnia physodes (L.) Nyl.","(L.) Nyl.","AT","8057/0","","PRESENT",NA,"2d6e0e40-2aee-11d8-aa2d-b8a03c50a862",47.950001,15.25,5000,NA,NA,NA,NA,NA,"",NA,NA,NA,7247635,7247635,"HUMAN_OBSERVATION","LI","ZOBODAT","100169524","","Türk Roman","","CC0_1_0","","","",NA,"2026-04-24T00:20:55.589Z","","COORDINATE_ROUNDED;CONTINENT_DERIVED_FROM_COORDINATES",TRUE,TRUE,TRUE,TRUE,TRUE,TRUE,TRUE,TRUE,TRUE,TRUE,TRUE
5079983563,"55b9ac33-0532-46d3-9796-c4c157f2b097","https://wu.jacq.org/WU-MYC0044896","Fungi","Ascomycota","Lecanoromycetes","Lecanorales","Parmeliaceae","Hypogymnia","Hypogymnia physodes","","SPECIES","Hypogymnia physodes (L.) Nyl.","Hypogymnia physodes (L.) Nyl.","(L.) Nyl.","AT","Wien, 17. Bezirk, Hernals, Hernalser Friedhof, 48,226671, 16,317015, Ostteil: Holzzaun entlang der Schnellbahntrasse","","PRESENT",NA,"58520c30-bafb-11d9-8e53-b8a03c50a862",48.22667,16.31694,NA,NA,225,NA,NA,NA,"2021-04-23",23,4,2021,7247635,7247635,"PRESERVED_SPECIMEN","WU-MYC","Herbarium Österreichische Mykologische Gesellschaft","0044896","s.n.","O. Breuß","","CC_BY_4_0","","Peer,Anna s.n.  [2021-04-23]","",NA,"2026-04-24T04:54:19.051Z","","CONTINENT_DERIVED_FROM_COORDINATES;INSTITUTION_MATCH_NONE",TRUE,TRUE,TRUE,FALSE,TRUE,TRUE,TRUE,TRUE,TRUE,TRUE,FALSE
3884333922,"857bce66-f762-11e1-a439-00145eb45e9a","https://www.zobodat.at/belege.php?id=100192823","Fungi","Ascomycota","Lecanoromycetes","Lecanorales","Parmeliaceae","Hypogymnia","Hypogymnia physodes","","SPECIES","Hypogymnia physodes (L.) Nyl.","Hypogymnia physodes (L.) Nyl.","(L.) Nyl.","AT","8526/0","","PRESENT",NA,"2d6e0e40-2aee-11d8-aa2d-b8a03c50a862",47.450001,10.083333,5000,NA,NA,NA,NA,NA,"",NA,NA,NA,7247635,7247635,"HUMAN_OBSERVATION","LI","ZOBODAT","100192823","","Türk Roman","","CC0_1_0","","","",NA,"2026-04-24T00:20:51.640Z","","COORDINATE_ROUNDED;CONTINENT_DERIVED_FROM_COORDINATES",TRUE,TRUE,TRUE,TRUE,TRUE,TRUE,TRUE,TRUE,TRUE,TRUE,TRUE
3885661597,"857bce66-f762-11e1-a439-00145eb45e9a","https://www.zobodat.at/belege.php?id=100191909","Fungi","Ascomycota","Lecanoromycetes","Lecanorales","Parmeliaceae","Hypogymnia","Hypogymnia physodes","","SPECIES","Hypogymnia physodes (L.) Nyl.","Hypogymnia physodes (L.) Nyl.","(L.) Nyl.","AT","8351/0","","PRESENT",NA,"2d6e0e40-2aee-11d8-aa2d-b8a03c50a862",47.649444,14.249167,5000,NA,NA,NA,NA,NA,"",NA,NA,NA,7247635,7247635,"HUMAN_OBSERVATION","LI","ZOBODAT","100191909","","Türk Roman","","CC0_1_0","","","",NA,"2026-04-24T00:16:09.769Z","","COORDINATE_ROUNDED;CONTINENT_DERIVED_FROM_COORDINATES",TRUE,TRUE,TRUE,TRUE,TRUE,TRUE,TRUE,TRUE,TRUE,TRUE,TRUE
3009373808,"c7730a08-74b4-48cd-80a7-831a19ac660d","EDBA65A4-B3D0-4BE9-8BD7-09F16FE54CE5","Fungi","Ascomycota","Lecanoromycetes","Lecanorales","Parmeliaceae","Hypogymnia","Hypogymnia physodes","","SPECIES","Hypogymnia physodes (L.) Nyl.","Hypogymnia physodes (L.) Nyl.","(L.) Nyl., 1896","AT","Kals am Großglockner","","PRESENT",NA,"7a070ba0-bafb-11d9-8e53-b8a03c50a862",47.021389,12.699444,NA,NA,2140,NA,NA,NA,"2011-07-07",7,7,2011,7247635,7247635,"HUMAN_OBSERVATION","HNS","Biodiversitätsdatenbank Nationalpark Hohe Tauern","1541071","","","","CC_BY_NC_4_0","","ContactID: 4372","",NA,"2026-04-24T10:37:36.375Z","","CONTINENT_DERIVED_FROM_COORDINATES",TRUE,TRUE,TRUE,TRUE,TRUE,TRUE,TRUE,TRUE,TRUE,TRUE,TRUE
3884046431,"857bce66-f762-11e1-a439-00145eb45e9a","https://www.zobodat.at/belege.php?id=100134081","Fungi","Ascomycota","Lecanoromycetes","Lecanorales","Parmeliaceae","Hypogymnia","Hypogymnia physodes","","SPECIES","Hypogymnia physodes (L.) Nyl.","Hypogymnia physodes (L.) Nyl.","(L.) Nyl.","AT","8955/0","","PRESENT",NA,"2d6e0e40-2aee-11d8-aa2d-b8a03c50a862",47.049999,14.916667,5000,NA,NA,NA,NA,NA,"",NA,NA,NA,7247635,7247635,"HUMAN_OBSERVATION","LI","ZOBODAT","100134081","","Türk Roman","","CC0_1_0","","","",NA,"2026-04-24T00:16:07.049Z","","COORDINATE_ROUNDED;CONTINENT_DERIVED_FROM_COORDINATES",TRUE,TRUE,TRUE,TRUE,TRUE,TRUE,TRUE,TRUE,TRUE,TRUE,TRUE
3012194629,"c1492854-5d15-40e9-9ee7-24a18ac05112","D36A12D8-8956-4F0A-9362-EF53CE8AD2A3","Fungi","Ascomycota","Lecanoromycetes","Lecanorales","Parmeliaceae","Hypogymnia","Hypogymnia physodes","","SPECIES","Hypogymnia physodes (L.) Nyl.","Hypogymnia physodes (L.) Nyl.","(L.) Nyl., 1896","AT","Wagrain","","PRESENT",NA,"7a070ba0-bafb-11d9-8e53-b8a03c50a862",47.35513,13.29441,50,NA,1100,NA,NA,NA,"2014-12-02",2,12,2014,7247635,7247635,"PRESERVED_SPECIMEN","HNS","Biodiversitätsdatenbank Salzburg","1528514","","","","CC_BY_NC_4_0","","ContactID: 3682","",NA,"2026-04-24T01:59:40.993Z","","CONTINENT_DERIVED_FROM_COORDINATES;COLLECTION_MATCH_NONE;INSTITUTION_MATCH_FUZZY",TRUE,TRUE,TRUE,TRUE,TRUE,TRUE,TRUE,TRUE,TRUE,TRUE,TRUE
3884221740,"857bce66-f762-11e1-a439-00145eb45e9a","https://www.zobodat.at/belege.php?id=100200675","Fungi","Ascomycota","Lecanoromycetes","Lecanorales","Parmeliaceae","Hypogymnia","Hypogymnia physodes","","SPECIES","Hypogymnia physodes (L.) Nyl.","Hypogymnia physodes (L.) Nyl.","(L.) Nyl.","AT","8725/0","","PRESENT",NA,"2d6e0e40-2aee-11d8-aa2d-b8a03c50a862",47.25,9.916667,5000,NA,NA,NA,NA,NA,"",NA,NA,NA,7247635,7247635,"HUMAN_OBSERVATION","LI","ZOBODAT","100200675","","Türk Roman","","CC0_1_0","","","",NA,"2026-04-24T00:16:09.389Z","","COORDINATE_ROUNDED;CONTINENT_DERIVED_FROM_COORDINATES",TRUE,TRUE,TRUE,TRUE,TRUE,TRUE,TRUE,TRUE,TRUE,TRUE,TRUE
4127087775,"50c9509d-22c7-4a22-a47d-8c48425ef4a7","https://www.inaturalist.org/observations/164304219","Fungi","Ascomycota","Lecanoromycetes","Lecanorales","Parmeliaceae","Hypogymnia","Hypogymnia physodes","","SPECIES","Hypogymnia physodes (L.) Nyl.","Hypogymnia physodes","","AT","","Steiermark","PRESENT",NA,"28eb1a3f-1c15-4a95-931a-4af90ecb574d",47.25013,15.076345,NA,NA,NA,NA,NA,NA,"2023-05-28T15:51:05",28,5,2023,7247635,7247635,"HUMAN_OBSERVATION","iNaturalist","Observations","164304219","","Elias","2023-05-28T22:01:47","CC0_1_0","Elias","Elias","",NA,"2026-04-24T17:02:10.522Z","StillImage","CONTINENT_DERIVED_FROM_COORDINATES;TAXON_ID_NOT_FOUND",TRUE,TRUE,TRUE,TRUE,TRUE,TRUE,TRUE,TRUE,TRUE,TRUE,TRUE
4423233406,"c1492854-5d15-40e9-9ee7-24a18ac05112","019D9F22-6054-42C0-BD2E-22DE2410132E","Fungi","Ascomycota","Lecanoromycetes","Lecanorales","Parmeliaceae","Hypogymnia","Hypogymnia physodes","","SPECIES","Hypogymnia physodes (L.) Nyl.","Hypogymnia physodes (L.) Nyl.","(L.) Nyl., 1896","AT","Malta","","PRESENT",NA,"7a070ba0-bafb-11d9-8e53-b8a03c50a862",46.982225,13.366636,50,NA,1300,NA,NA,NA,"2022-07-30",30,7,2022,7247635,7247635,"PRESERVED_SPECIMEN","HNS","Biodiversitätsdatenbank Salzburg","3001207","","","","CC_BY_NC_4_0","","ContactID: 3682","",NA,"2026-04-24T02:00:06.015Z","","CONTINENT_DERIVED_FROM_COORDINATES;COLLECTION_MATCH_NONE;INSTITUTION_MATCH_FUZZY",TRUE,TRUE,TRUE,TRUE,TRUE,TRUE,TRUE,TRUE,TRUE,TRUE,TRUE
3885665317,"857bce66-f762-11e1-a439-00145eb45e9a","https://www.zobodat.at/belege.php?id=100166728","Fungi","Ascomycota","Lecanoromycetes","Lecanorales","Parmeliaceae","Hypogymnia","Hypogymnia physodes","","SPECIES","Hypogymnia physodes (L.) Nyl.","Hypogymnia physodes (L.) Nyl.","(L.) Nyl.","AT","9244/0","","PRESENT",NA,"2d6e0e40-2aee-11d8-aa2d-b8a03c50a862",46.75,13.083333,5000,NA,NA,NA,NA,NA,"",NA,NA,NA,7247635,7247635,"HUMAN_OBSERVATION","LI","ZOBODAT","100166728","","Türk Roman","","CC0_1_0","","","",NA,"2026-04-24T00:20:50.111Z","","COORDINATE_ROUNDED;CONTINENT_DERIVED_FROM_COORDINATES",TRUE,TRUE,TRUE,TRUE,TRUE,TRUE,TRUE,TRUE,TRUE,TRUE,TRUE
3883861586,"857bce66-f762-11e1-a439-00145eb45e9a","https://www.zobodat.at/belege.php?id=100213402","Fungi","Ascomycota","Lecanoromycetes","Lecanorales","Parmeliaceae","Hypogymnia","Hypogymnia physodes","","SPECIES","Hypogymnia physodes (L.) Nyl.","Hypogymnia physodes (L.) Nyl.","(L.) Nyl.","AT","8947/0","","PRESENT",NA,"2d6e0e40-2aee-11d8-aa2d-b8a03c50a862",47.049999,13.583333,5000,NA,NA,NA,NA,NA,"",NA,NA,NA,7247635,7247635,"HUMAN_OBSERVATION","LI","ZOBODAT","100213402","","Türk Roman","","CC0_1_0","","","",NA,"2026-04-24T00:20:53.202Z","","COORDINATE_ROUNDED;CONTINENT_DERIVED_FROM_COORDINATES",TRUE,TRUE,TRUE,TRUE,TRUE,TRUE,TRUE,TRUE,TRUE,TRUE,TRUE
3885603864,"857bce66-f762-11e1-a439-00145eb45e9a","https://www.zobodat.at/belege.php?id=100187246","Fungi","Ascomycota","Lecanoromycetes","Lecanorales","Parmeliaceae","Hypogymnia","Hypogymnia physodes","","SPECIES","Hypogymnia physodes (L.) Nyl.","Hypogymnia physodes (L.) Nyl.","(L.) Nyl.","AT","8436/0","","PRESENT",NA,"2d6e0e40-2aee-11d8-aa2d-b8a03c50a862",47.549999,11.75,5000,NA,NA,NA,NA,NA,"",NA,NA,NA,7247635,7247635,"HUMAN_OBSERVATION","LI","ZOBODAT","100187246","","Türk Roman","","CC0_1_0","","","",NA,"2026-04-24T00:16:08.793Z","","COORDINATE_ROUNDED;CONTINENT_DERIVED_FROM_COORDINATES",TRUE,TRUE,TRUE,TRUE,TRUE,TRUE,TRUE,TRUE,TRUE,TRUE,TRUE
3885636402,"857bce66-f762-11e1-a439-00145eb45e9a","https://www.zobodat.at/belege.php?id=100164376","Fungi","Ascomycota","Lecanoromycetes","Lecanorales","Parmeliaceae","Hypogymnia","Hypogymnia physodes","","SPECIES","Hypogymnia physodes (L.) Nyl.","Hypogymnia physodes (L.) Nyl.","(L.) Nyl.","AT","8265/0","","PRESENT",NA,"2d6e0e40-2aee-11d8-aa2d-b8a03c50a862",47.75,16.583334,5000,NA,NA,NA,NA,NA,"",NA,NA,NA,7247635,7247635,"HUMAN_OBSERVATION","LI","ZOBODAT","100164376","","Türk Roman","","CC0_1_0","","","",NA,"2026-04-24T00:20:49.326Z","","COORDINATE_ROUNDED;CONTINENT_DERIVED_FROM_COORDINATES",TRUE,TRUE,TRUE,TRUE,TRUE,TRUE,TRUE,TRUE,TRUE,TRUE,TRUE
3884132097,"857bce66-f762-11e1-a439-00145eb45e9a","https://www.zobodat.at/belege.php?id=100121852","Fungi","Ascomycota","Lecanoromycetes","Lecanorales","Parmeliaceae","Hypogymnia","Hypogymnia physodes","","SPECIES","Hypogymnia physodes (L.) Nyl.","Hypogymnia physodes (L.) Nyl.","(L.) Nyl.","AT","7155/0","","PRESENT",NA,"2d6e0e40-2aee-11d8-aa2d-b8a03c50a862",48.849998,14.916667,5000,NA,NA,NA,NA,NA,"",NA,NA,NA,7247635,7247635,"HUMAN_OBSERVATION","LI","ZOBODAT","100121852","","Türk Roman","","CC0_1_0","","","",NA,"2026-04-24T00:20:48.670Z","","COORDINATE_ROUNDED;CONTINENT_DERIVED_FROM_COORDINATES",TRUE,TRUE,TRUE,TRUE,TRUE,TRUE,TRUE,TRUE,TRUE,TRUE,TRUE
6159244998,"50c9509d-22c7-4a22-a47d-8c48425ef4a7","https://www.inaturalist.org/observations/338449857","Fungi","Ascomycota","Lecanoromycetes","Lecanorales","Parmeliaceae","Hypogymnia","Hypogymnia physodes","","SPECIES","Hypogymnia physodes (L.) Nyl.","Hypogymnia physodes","","AT","","Burgenland","PRESENT",NA,"28eb1a3f-1c15-4a95-931a-4af90ecb574d",47.452763,16.492878,4,NA,NA,NA,NA,NA,"2026-02-13",13,2,2026,7247635,7247635,"HUMAN_OBSERVATION","iNaturalist","Observations","338449857","","Benjamin Schedl","2026-02-13T16:36:49","CC_BY_4_0","Benjamin Schedl","Benjamin Schedl","",NA,"2026-04-24T16:45:03.156Z","StillImage","COORDINATE_ROUNDED;CONTINENT_DERIVED_FROM_COORDINATES;TAXON_ID_NOT_FOUND",TRUE,TRUE,TRUE,TRUE,TRUE,TRUE,TRUE,TRUE,TRUE,TRUE,TRUE
5827287626,"c1492854-5d15-40e9-9ee7-24a18ac05112","55BFE1B5-0791-4964-8172-F5C04D6E80B4","Fungi","Ascomycota","Lecanoromycetes","Lecanorales","Parmeliaceae","Hypogymnia","Hypogymnia physodes","","SPECIES","Hypogymnia physodes (L.) Nyl.","Hypogymnia physodes (L.) Nyl.","(L.) Nyl., 1896","AT","Ehrwald","","PRESENT",NA,"7a070ba0-bafb-11d9-8e53-b8a03c50a862",47.39383,10.919626,999,NA,NA,NA,NA,NA,"2025-01-20",20,1,2025,7247635,7247635,"HUMAN_OBSERVATION","HNS","Biodiversitätsdatenbank Salzburg","3645222","","","","CC_BY_NC_4_0","","ContactID: 2786","",NA,"2026-04-24T02:00:25.126Z","","COORDINATE_ROUNDED;CONTINENT_DERIVED_FROM_COORDINATES",TRUE,TRUE,TRUE,TRUE,TRUE,TRUE,TRUE,TRUE,TRUE,TRUE,TRUE
4891226277,"8a863029-f435-446a-821e-275f4f641165","https://observation.org/observation/298270422","Fungi","Ascomycota","Lecanoromycetes","Lecanorales","Parmeliaceae","Hypogymnia","Hypogymnia physodes","","SPECIES","Hypogymnia physodes (L.) Nyl.","Hypogymnia physodes","","AT","Umhausen (Gemeinde)","Tirol","PRESENT",1,"c8d737e0-2ff8-42e8-b8fc-6b805d26fc5f",47.127341,10.94432,NA,NA,NA,NA,NA,NA,"2024-02-04",4,2,2024,7247635,7247635,"HUMAN_OBSERVATION","","","","","","","CC_BY_NC_4_0","Stichting Observation International","User 428191","",NA,"2026-04-24T16:25:19.572Z","StillImage","",TRUE,TRUE,TRUE,TRUE,TRUE,TRUE,TRUE,TRUE,TRUE,TRUE,TRUE
3884141360,"857bce66-f762-11e1-a439-00145eb45e9a","https://www.zobodat.at/belege.php?id=100172224","Fungi","Ascomycota","Lecanoromycetes","Lecanorales","Parmeliaceae","Hypogymnia","Hypogymnia physodes","","SPECIES","Hypogymnia physodes (L.) Nyl.","Hypogymnia physodes (L.) Nyl.","(L.) Nyl.","AT","7656/0","","PRESENT",NA,"2d6e0e40-2aee-11d8-aa2d-b8a03c50a862",48.349998,15.083333,5000,NA,NA,NA,NA,NA,"",NA,NA,NA,7247635,7247635,"HUMAN_OBSERVATION","LI","ZOBODAT","100172224","","Türk Roman","","CC0_1_0","","","",NA,"2026-04-24T00:16:08.607Z","","COORDINATE_ROUNDED;CONTINENT_DERIVED_FROM_COORDINATES",TRUE,TRUE,TRUE,TRUE,TRUE,TRUE,TRUE,TRUE,TRUE,TRUE,TRUE
3009340712,"c7730a08-74b4-48cd-80a7-831a19ac660d","8BA5B0EE-A444-4B45-A589-E051A61356DC","Fungi","Ascomycota","Lecanoromycetes","Lecanorales","Parmeliaceae","Hypogymnia","Hypogymnia physodes","","SPECIES","Hypogymnia physodes (L.) Nyl.","Hypogymnia physodes (L.) Nyl.","(L.) Nyl., 1896","AT","Kals am Großglockner","","PRESENT",NA,"7a070ba0-bafb-11d9-8e53-b8a03c50a862",47.01791,12.69167,50,NA,1940,NA,NA,NA,"2011-07-09",9,7,2011,7247635,7247635,"HUMAN_OBSERVATION","HNS","Biodiversitätsdatenbank Nationalpark Hohe Tauern","852096","","","","CC_BY_NC_4_0","","ContactID: 3682","",NA,"2026-04-24T10:37:36.031Z","","CONTINENT_DERIVED_FROM_COORDINATES",TRUE,TRUE,TRUE,TRUE,TRUE,TRUE,TRUE,TRUE,TRUE,TRUE,TRUE
5153318704,"50c9509d-22c7-4a22-a47d-8c48425ef4a7","https://www.inaturalist.org/observations/274672190","Fungi","Ascomycota","Lecanoromycetes","Lecanorales","Parmeliaceae","Hypogymnia","Hypogymnia physodes","","SPECIES","Hypogymnia physodes (L.) Nyl.","Hypogymnia physodes","","AT","","Tirol","PRESENT",NA,"28eb1a3f-1c15-4a95-931a-4af90ecb574d",47.113977,11.235264,4,NA,NA,NA,NA,NA,"2025-04-27T08:57:09",27,4,2025,7247635,7247635,"HUMAN_OBSERVATION","iNaturalist","Observations","274672190","","zorille","2025-04-30T12:11:24","CC_BY_NC_4_0","benjamin_petra_schattanek-wiesmair","benjamin_petra_schattanek-wiesmair","",NA,"2026-04-24T17:46:10.368Z","StillImage","COORDINATE_ROUNDED;CONTINENT_DERIVED_FROM_COORDINATES;TAXON_ID_NOT_FOUND",TRUE,TRUE,TRUE,TRUE,TRUE,TRUE,TRUE,TRUE,TRUE,TRUE,TRUE
3884302095,"857bce66-f762-11e1-a439-00145eb45e9a","https://www.zobodat.at/belege.php?id=100160089","Fungi","Ascomycota","Lecanoromycetes","Lecanorales","Parmeliaceae","Hypogymnia","Hypogymnia physodes","","SPECIES","Hypogymnia physodes (L.) Nyl.","Hypogymnia physodes (L.) Nyl.","(L.) Nyl.","AT","9241/0","","PRESENT",NA,"2d6e0e40-2aee-11d8-aa2d-b8a03c50a862",46.75,12.583333,5000,NA,NA,NA,NA,NA,"",NA,NA,NA,7247635,7247635,"HUMAN_OBSERVATION","LI","ZOBODAT","100160089","","Türk Roman","","CC0_1_0","","","",NA,"2026-04-24T00:22:28.284Z","","COORDINATE_ROUNDED;CONTINENT_DERIVED_FROM_COORDINATES",TRUE,TRUE,TRUE,TRUE,TRUE,TRUE,TRUE,TRUE,TRUE,TRUE,TRUE
3885592939,"857bce66-f762-11e1-a439-00145eb45e9a","https://www.zobodat.at/belege.php?id=100116388","Fungi","Ascomycota","Lecanoromycetes","Lecanorales","Parmeliaceae","Hypogymnia","Hypogymnia physodes","","SPECIES","Hypogymnia physodes (L.) Nyl.","Hypogymnia physodes (L.) Nyl.","(L.) Nyl.","AT","9056/2","","PRESENT",NA,"2d6e0e40-2aee-11d8-aa2d-b8a03c50a862",46.974998,15.125,2500,NA,NA,NA,NA,NA,"",NA,NA,NA,7247635,7247635,"HUMAN_OBSERVATION","LI","ZOBODAT","100116388","","Türk Roman","","CC0_1_0","","","",NA,"2026-04-24T00:16:02.219Z","","COORDINATE_ROUNDED;CONTINENT_DERIVED_FROM_COORDINATES",TRUE,TRUE,TRUE,TRUE,TRUE,TRUE,TRUE,TRUE,TRUE,TRUE,TRUE
3011486179,"c1492854-5d15-40e9-9ee7-24a18ac05112","08AA8A4D-3D84-46DE-9E23-E1DE6B207524","Fungi","Ascomycota","Lecanoromycetes","Lecanorales","Parmeliaceae","Hypogymnia","Hypogymnia physodes","","SPECIES","Hypogymnia physodes (L.) Nyl.","Hypogymnia physodes (L.) Nyl.","(L.) Nyl., 1896","AT","Uttendorf","","PRESENT",NA,"7a070ba0-bafb-11d9-8e53-b8a03c50a862",47.19808,12.594006,100,NA,1100,NA,NA,NA,"2013-06-18",18,6,2013,7247635,7247635,"HUMAN_OBSERVATION","HNS","Biodiversitätsdatenbank Salzburg","1452429","","","","CC_BY_NC_4_0","","ContactID: 3682","",NA,"2026-04-24T02:00:39.344Z","","CONTINENT_DERIVED_FROM_COORDINATES",TRUE,TRUE,TRUE,TRUE,TRUE,TRUE,TRUE,TRUE,TRUE,TRUE,TRUE
5017433724,"6ac3f774-d9fb-4796-b3e9-92bf6c81c084","","Fungi","Ascomycota","Lecanoromycetes","Lecanorales","Parmeliaceae","Hypogymnia","Hypogymnia physodes","","SPECIES","Hypogymnia physodes (L.) Nyl.","Hypogymnia physodes","","AT","GEO01: Gschlößtal","","PRESENT",NA,"bb646dff-a905-4403-a49b-6d378c2cf0d9",47.118999,12.496498,250,NA,NA,NA,NA,NA,"2013-06-15T00:00",15,6,2013,7247635,7247635,"HUMAN_OBSERVATION","NABU|naturgucker","NABU|naturgucker","-1104421475","","","","CC_BY_4_0","","-469932556","",NA,"2026-04-28T14:53:07.268Z","","COORDINATE_ROUNDED;GEODETIC_DATUM_ASSUMED_WGS84;CONTINENT_DERIVED_FROM_COORDINATES",TRUE,TRUE,TRUE,TRUE,TRUE,TRUE,TRUE,TRUE,TRUE,TRUE,TRUE
3885650585,"857bce66-f762-11e1-a439-00145eb45e9a","https://www.zobodat.at/belege.php?id=100148872","Fungi","Ascomycota","Lecanoromycetes","Lecanorales","Parmeliaceae","Hypogymnia","Hypogymnia physodes","","SPECIES","Hypogymnia physodes (L.) Nyl.","Hypogymnia physodes (L.) Nyl.","(L.) Nyl.","AT","7667/0","","PRESENT",NA,"2d6e0e40-2aee-11d8-aa2d-b8a03c50a862",48.349998,16.916666,5000,NA,NA,NA,NA,NA,"",NA,NA,NA,7247635,7247635,"HUMAN_OBSERVATION","LI","ZOBODAT","100148872","","Türk Roman","","CC0_1_0","","","",NA,"2026-04-24T00:20:50.208Z","","COORDINATE_ROUNDED;CONTINENT_DERIVED_FROM_COORDINATES",TRUE,TRUE,TRUE,TRUE,TRUE,TRUE,TRUE,TRUE,TRUE,TRUE,TRUE
2449356626,"85739778-f762-11e1-a439-00145eb45e9a","","Fungi","Ascomycota","Lecanoromycetes","Lecanorales","Parmeliaceae","Hypogymnia","Hypogymnia physodes","","SPECIES","Hypogymnia physodes (L.) Nyl.","Hypogymnia physodes (L.) Nyl.","","AT","AUSTRIA, Tirol: Osttirol, Hohe Tauern, Iseltal, Sajatmähder oberhalb Prägraten. Alt. 1700 m.","","PRESENT",NA,"57254bd0-8256-11d8-b7ed-b8a03c50a862",47.0333,12.35,NA,NA,NA,NA,NA,NA,"",NA,NA,NA,7247635,7247635,"PRESERVED_SPECIMEN","B","Lichen Herbarium Berlin","178980","","","","CC0_1_0","","H. Reznik","",NA,"2026-04-23T23:19:26.592Z","","GEODETIC_DATUM_ASSUMED_WGS84;CONTINENT_DERIVED_FROM_COORDINATES;RECORDED_DATE_INVALID;COLLECTION_MATCH_NONE",TRUE,TRUE,TRUE,TRUE,TRUE,TRUE,TRUE,TRUE,TRUE,TRUE,TRUE
3885791678,"857bce66-f762-11e1-a439-00145eb45e9a","https://www.zobodat.at/belege.php?id=100185678","Fungi","Ascomycota","Lecanoromycetes","Lecanorales","Parmeliaceae","Hypogymnia","Hypogymnia physodes","","SPECIES","Hypogymnia physodes (L.) Nyl.","Hypogymnia physodes (L.) Nyl.","(L.) Nyl.","AT","8836/0","","PRESENT",NA,"2d6e0e40-2aee-11d8-aa2d-b8a03c50a862",47.150002,11.75,5000,NA,NA,NA,NA,NA,"",NA,NA,NA,7247635,7247635,"HUMAN_OBSERVATION","LI","ZOBODAT","100185678","","Türk Roman","","CC0_1_0","","","",NA,"2026-04-24T00:16:09.165Z","","COORDINATE_ROUNDED;CONTINENT_DERIVED_FROM_COORDINATES",TRUE,TRUE,TRUE,TRUE,TRUE,TRUE,TRUE,TRUE,TRUE,TRUE,TRUE
3058852629,"50c9509d-22c7-4a22-a47d-8c48425ef4a7","https://www.inaturalist.org/observations/67612427","Fungi","Ascomycota","Lecanoromycetes","Lecanorales","Parmeliaceae","Hypogymnia","Hypogymnia physodes","","SPECIES","Hypogymnia physodes (L.) Nyl.","Hypogymnia physodes","","AT","","Niederösterreich","PRESENT",NA,"28eb1a3f-1c15-4a95-931a-4af90ecb574d",48.41938,15.161437,NA,NA,NA,NA,NA,NA,"2021-01-01T15:28",1,1,2021,7247635,7247635,"HUMAN_OBSERVATION","iNaturalist","Observations","67612427","","David Sandler","2021-01-05T10:20:16","CC_BY_4_0","David Sandler","David Sandler","",NA,"2026-04-24T17:24:47.715Z","StillImage","COORDINATE_ROUNDED;CONTINENT_DERIVED_FROM_COORDINATES;TAXON_ID_NOT_FOUND",TRUE,TRUE,TRUE,TRUE,TRUE,TRUE,TRUE,TRUE,TRUE,TRUE,TRUE
3885603886,"857bce66-f762-11e1-a439-00145eb45e9a","https://www.zobodat.at/belege.php?id=100187462","Fungi","Ascomycota","Lecanoromycetes","Lecanorales","Parmeliaceae","Hypogymnia","Hypogymnia physodes","","SPECIES","Hypogymnia physodes (L.) Nyl.","Hypogymnia physodes (L.) Nyl.","(L.) Nyl.","AT","8535/0","","PRESENT",NA,"2d6e0e40-2aee-11d8-aa2d-b8a03c50a862",47.450001,11.583333,5000,NA,NA,NA,NA,NA,"",NA,NA,NA,7247635,7247635,"HUMAN_OBSERVATION","LI","ZOBODAT","100187462","","Türk Roman","","CC0_1_0","","","",NA,"2026-04-24T00:20:52.623Z","","COORDINATE_ROUNDED;CONTINENT_DERIVED_FROM_COORDINATES",TRUE,TRUE,TRUE,TRUE,TRUE,TRUE,TRUE,TRUE,TRUE,TRUE,TRUE
3009277452,"c7730a08-74b4-48cd-80a7-831a19ac660d","DD8E6974-F069-4C9F-B81E-50935A9BBA00","Fungi","Ascomycota","Lecanoromycetes","Lecanorales","Parmeliaceae","Hypogymnia","Hypogymnia physodes","","SPECIES","Hypogymnia physodes (L.) Nyl.","Hypogymnia physodes (L.) Nyl.","(L.) Nyl., 1896","AT","Mallnitz","","PRESENT",NA,"7a070ba0-bafb-11d9-8e53-b8a03c50a862",46.987596,13.25714,100,NA,2060,NA,NA,NA,"2009-07-31",31,7,2009,7247635,7247635,"HUMAN_OBSERVATION","HNS","Biodiversitätsdatenbank Nationalpark Hohe Tauern","582701","","","","CC_BY_NC_4_0","","ContactID: 4372","",NA,"2026-04-24T10:37:42.198Z","","CONTINENT_DERIVED_FROM_COORDINATES",TRUE,TRUE,TRUE,TRUE,TRUE,TRUE,TRUE,TRUE,TRUE,TRUE,TRUE
3885589089,"857bce66-f762-11e1-a439-00145eb45e9a","https://www.zobodat.at/belege.php?id=100175852","Fungi","Ascomycota","Lecanoromycetes","Lecanorales","Parmeliaceae","Hypogymnia","Hypogymnia physodes","","SPECIES","Hypogymnia physodes (L.) Nyl.","Hypogymnia physodes (L.) Nyl.","(L.) Nyl.","AT","7946/0","","PRESENT",NA,"2d6e0e40-2aee-11d8-aa2d-b8a03c50a862",48.049444,13.415833,5000,NA,NA,NA,NA,NA,"",NA,NA,NA,7247635,7247635,"HUMAN_OBSERVATION","LI","ZOBODAT","100175852","","Türk Roman","","CC0_1_0","","","",NA,"2026-04-24T00:16:08.616Z","","COORDINATE_ROUNDED;CONTINENT_DERIVED_FROM_COORDINATES",TRUE,TRUE,TRUE,TRUE,TRUE,TRUE,TRUE,TRUE,TRUE,TRUE,TRUE
3884067745,"857bce66-f762-11e1-a439-00145eb45e9a","https://www.zobodat.at/belege.php?id=100171251","Fungi","Ascomycota","Lecanoromycetes","Lecanorales","Parmeliaceae","Hypogymnia","Hypogymnia physodes","","SPECIES","Hypogymnia physodes (L.) Nyl.","Hypogymnia physodes (L.) Nyl.","(L.) Nyl.","AT","7944/0","","PRESENT",NA,"2d6e0e40-2aee-11d8-aa2d-b8a03c50a862",48.049999,13.083333,5000,NA,NA,NA,NA,NA,"",NA,NA,NA,7247635,7247635,"HUMAN_OBSERVATION","LI","ZOBODAT","100171251","","Türk Roman","","CC0_1_0","","","",NA,"2026-04-24T00:20:49.117Z","","COORDINATE_ROUNDED;CONTINENT_DERIVED_FROM_COORDINATES",TRUE,TRUE,TRUE,TRUE,TRUE,TRUE,TRUE,TRUE,TRUE,TRUE,TRUE
4506260589,"50c9509d-22c7-4a22-a47d-8c48425ef4a7","https://www.inaturalist.org/observations/194431503","Fungi","Ascomycota","Lecanoromycetes","Lecanorales","Parmeliaceae","Hypogymnia","Hypogymnia physodes","","SPECIES","Hypogymnia physodes (L.) Nyl.","Hypogymnia physodes","","AT","","Burgenland","PRESENT",NA,"28eb1a3f-1c15-4a95-931a-4af90ecb574d",46.94851,16.103942,10000,NA,NA,NA,NA,NA,"2023-12-18T13:43",18,12,2023,7247635,7247635,"HUMAN_OBSERVATION","iNaturalist","Observations","194431503","","adinie","2023-12-20T14:28:15","CC_BY_NC_4_0","adinie","adinie","",NA,"2026-04-24T18:09:01.676Z","StillImage","COORDINATE_ROUNDED;CONTINENT_DERIVED_FROM_COORDINATES;TAXON_ID_NOT_FOUND",TRUE,TRUE,TRUE,TRUE,TRUE,TRUE,TRUE,TRUE,TRUE,TRUE,TRUE
3009370340,"c7730a08-74b4-48cd-80a7-831a19ac660d","DC1F0CA3-A020-4A6E-B9A2-9841F13B02E2","Fungi","Ascomycota","Lecanoromycetes","Lecanorales","Parmeliaceae","Hypogymnia","Hypogymnia physodes","","SPECIES","Hypogymnia physodes (L.) Nyl.","Hypogymnia physodes (L.) Nyl.","(L.) Nyl., 1896","AT","Kals am Großglockner","","PRESENT",NA,"7a070ba0-bafb-11d9-8e53-b8a03c50a862",47.018966,12.680019,350,NA,2050,NA,NA,NA,"2011-07-08",8,7,2011,7247635,7247635,"HUMAN_OBSERVATION","HNS","Biodiversitätsdatenbank Nationalpark Hohe Tauern","841518","","","","CC_BY_NC_4_0","","ContactID: 4372","",NA,"2026-04-24T10:37:35.905Z","","CONTINENT_DERIVED_FROM_COORDINATES",TRUE,TRUE,TRUE,TRUE,TRUE,TRUE,TRUE,TRUE,TRUE,TRUE,TRUE
3885665585,"857bce66-f762-11e1-a439-00145eb45e9a","https://www.zobodat.at/belege.php?id=100171579","Fungi","Ascomycota","Lecanoromycetes","Lecanorales","Parmeliaceae","Hypogymnia","Hypogymnia physodes","","SPECIES","Hypogymnia physodes (L.) Nyl.","Hypogymnia physodes (L.) Nyl.","(L.) Nyl.","AT","8641/0","","PRESENT",NA,"2d6e0e40-2aee-11d8-aa2d-b8a03c50a862",47.349998,12.583333,5000,NA,NA,NA,NA,NA,"",NA,NA,NA,7247635,7247635,"HUMAN_OBSERVATION","LI","ZOBODAT","100171579","","Türk Roman","","CC0_1_0","","","",NA,"2026-04-24T00:22:26.187Z","","COORDINATE_ROUNDED;CONTINENT_DERIVED_FROM_COORDINATES",TRUE,TRUE,TRUE,TRUE,TRUE,TRUE,TRUE,TRUE,TRUE,TRUE,TRUE
3012280483,"c1492854-5d15-40e9-9ee7-24a18ac05112","FEAF4A92-1293-47C2-A074-843EFD793A21","Fungi","Ascomycota","Lecanoromycetes","Lecanorales","Parmeliaceae","Hypogymnia","Hypogymnia physodes","","SPECIES","Hypogymnia physodes (L.) Nyl.","Hypogymnia physodes (L.) Nyl.","(L.) Nyl., 1896","AT","Kals am Großglockner","","PRESENT",NA,"7a070ba0-bafb-11d9-8e53-b8a03c50a862",47.03204,12.690074,1111,NA,1900,NA,NA,NA,"2007-06-30",30,6,2007,7247635,7247635,"HUMAN_OBSERVATION","HNS","Biodiversitätsdatenbank Salzburg","421282","","","","CC_BY_NC_4_0","","ContactID: 4372","",NA,"2026-04-24T02:00:35.504Z","","CONTINENT_DERIVED_FROM_COORDINATES",TRUE,TRUE,TRUE,TRUE,TRUE,TRUE,TRUE,TRUE,TRUE,TRUE,TRUE
5074736786,"8a863029-f435-446a-821e-275f4f641165","https://observation.org/observation/336667103","Fungi","Ascomycota","Lecanoromycetes","Lecanorales","Parmeliaceae","Hypogymnia","Hypogymnia physodes","","SPECIES","Hypogymnia physodes (L.) Nyl.","Hypogymnia physodes","","AT","Tamsweg (Marktgemeinde)","Salzburg","PRESENT",1,"c8d737e0-2ff8-42e8-b8fc-6b805d26fc5f",47.134038,13.860071,48,NA,NA,NA,NA,NA,"2025-01-07",7,1,2025,7247635,7247635,"HUMAN_OBSERVATION","","","","","","","CC_BY_NC_4_0","Stichting Observation International","User 750721","",NA,"2026-04-24T16:36:33.987Z","StillImage","",TRUE,TRUE,TRUE,TRUE,TRUE,TRUE,TRUE,TRUE,TRUE,TRUE,TRUE
4920744329,"c1492854-5d15-40e9-9ee7-24a18ac05112","65C4A868-765B-4450-B1A5-A80E88A2E696","Fungi","Ascomycota","Lecanoromycetes","Lecanorales","Parmeliaceae","Hypogymnia","Hypogymnia physodes","","SPECIES","Hypogymnia physodes (L.) Nyl.","Hypogymnia physodes (L.) Nyl.","(L.) Nyl., 1896","AT","Krispl","","PRESENT",NA,"7a070ba0-bafb-11d9-8e53-b8a03c50a862",47.73883,13.19163,5,NA,858,NA,NA,NA,"2024-04-28",28,4,2024,7247635,7247635,"HUMAN_OBSERVATION","HNS","Biodiversitätsdatenbank Salzburg","3314024","","","","CC_BY_NC_4_0","","ContactID: 2786","",NA,"2026-04-24T02:01:06.103Z","","CONTINENT_DERIVED_FROM_COORDINATES",TRUE,TRUE,TRUE,TRUE,TRUE,TRUE,TRUE,TRUE,TRUE,TRUE,TRUE
5897409559,"50c9509d-22c7-4a22-a47d-8c48425ef4a7","https://www.inaturalist.org/observations/327305246","Fungi","Ascomycota","Lecanoromycetes","Lecanorales","Parmeliaceae","Hypogymnia","Hypogymnia physodes","","SPECIES","Hypogymnia physodes (L.) Nyl.","Hypogymnia physodes","","AT","","Burgenland","PRESENT",NA,"28eb1a3f-1c15-4a95-931a-4af90ecb574d",46.955037,16.155843,3469,NA,NA,NA,NA,NA,"2025-11-19T15:10",19,11,2025,7247635,7247635,"HUMAN_OBSERVATION","iNaturalist","Observations","327305246","","adinie","2025-11-19T22:14:19","CC_BY_NC_4_0","adinie","adinie","",NA,"2026-04-24T17:51:15.045Z","StillImage","COORDINATE_ROUNDED;CONTINENT_DERIVED_FROM_COORDINATES;TAXON_ID_NOT_FOUND",TRUE,TRUE,TRUE,TRUE,TRUE,TRUE,TRUE,TRUE,TRUE,TRUE,TRUE
3884146670,"857bce66-f762-11e1-a439-00145eb45e9a","https://www.zobodat.at/belege.php?id=100130960","Fungi","Ascomycota","Lecanoromycetes","Lecanorales","Parmeliaceae","Hypogymnia","Hypogymnia physodes","","SPECIES","Hypogymnia physodes (L.) Nyl.","Hypogymnia physodes (L.) Nyl.","(L.) Nyl.","AT","8657/1","","PRESENT",NA,"2d6e0e40-2aee-11d8-aa2d-b8a03c50a862",47.375,15.208333,2500,NA,NA,NA,NA,NA,"",NA,NA,NA,7247635,7247635,"HUMAN_OBSERVATION","LI","ZOBODAT","100130960","","Türk Roman","","CC0_1_0","","","",NA,"2026-04-24T00:20:51.035Z","","COORDINATE_ROUNDED;CONTINENT_DERIVED_FROM_COORDINATES",TRUE,TRUE,TRUE,TRUE,TRUE,TRUE,TRUE,TRUE,TRUE,TRUE,TRUE
3884299410,"857bce66-f762-11e1-a439-00145eb45e9a","https://www.zobodat.at/belege.php?id=100174055","Fungi","Ascomycota","Lecanoromycetes","Lecanorales","Parmeliaceae","Hypogymnia","Hypogymnia physodes","","SPECIES","Hypogymnia physodes (L.) Nyl.","Hypogymnia physodes (L.) Nyl.","(L.) Nyl.","AT","8049/0","","PRESENT",NA,"2d6e0e40-2aee-11d8-aa2d-b8a03c50a862",47.950001,13.916667,5000,NA,NA,NA,NA,NA,"",NA,NA,NA,7247635,7247635,"HUMAN_OBSERVATION","LI","ZOBODAT","100174055","","Türk Roman","","CC0_1_0","","","",NA,"2026-04-24T00:16:08.842Z","","COORDINATE_ROUNDED;CONTINENT_DERIVED_FROM_COORDINATES",TRUE,TRUE,TRUE,TRUE,TRUE,TRUE,TRUE,TRUE,TRUE,TRUE,TRUE
3885887685,"857bce66-f762-11e1-a439-00145eb45e9a","https://www.zobodat.at/belege.php?id=100168896","Fungi","Ascomycota","Lecanoromycetes","Lecanorales","Parmeliaceae","Hypogymnia","Hypogymnia physodes","","SPECIES","Hypogymnia physodes (L.) Nyl.","Hypogymnia physodes (L.) Nyl.","(L.) Nyl.","AT","8340/0","","PRESENT",NA,"2d6e0e40-2aee-11d8-aa2d-b8a03c50a862",47.650002,12.416667,5000,NA,NA,NA,NA,NA,"",NA,NA,NA,7247635,7247635,"HUMAN_OBSERVATION","LI","ZOBODAT","100168896","","Türk Roman","","CC0_1_0","","","",NA,"2026-04-24T00:16:08.299Z","","COORDINATE_ROUNDED;CONTINENT_DERIVED_FROM_COORDINATES",TRUE,TRUE,TRUE,TRUE,TRUE,TRUE,TRUE,TRUE,TRUE,TRUE,TRUE
3884160362,"857bce66-f762-11e1-a439-00145eb45e9a","https://www.zobodat.at/belege.php?id=100142282","Fungi","Ascomycota","Lecanoromycetes","Lecanorales","Parmeliaceae","Hypogymnia","Hypogymnia physodes","","SPECIES","Hypogymnia physodes (L.) Nyl.","Hypogymnia physodes (L.) Nyl.","(L.) Nyl.","AT","7562/0","","PRESENT",NA,"2d6e0e40-2aee-11d8-aa2d-b8a03c50a862",48.450001,16.083334,5000,NA,NA,NA,NA,NA,"",NA,NA,NA,7247635,7247635,"HUMAN_OBSERVATION","LI","ZOBODAT","100142282","","Türk Roman","","CC0_1_0","","","",NA,"2026-04-24T00:16:08.192Z","","COORDINATE_ROUNDED;CONTINENT_DERIVED_FROM_COORDINATES",TRUE,TRUE,TRUE,TRUE,TRUE,TRUE,TRUE,TRUE,TRUE,TRUE,TRUE
4945941107,"50c9509d-22c7-4a22-a47d-8c48425ef4a7","https://www.inaturalist.org/observations/240976327","Fungi","Ascomycota","Lecanoromycetes","Lecanorales","Parmeliaceae","Hypogymnia","Hypogymnia physodes","","SPECIES","Hypogymnia physodes (L.) Nyl.","Hypogymnia physodes","","AT","","Oberösterreich","PRESENT",NA,"28eb1a3f-1c15-4a95-931a-4af90ecb574d",47.805226,14.423184,NA,NA,NA,NA,NA,NA,"2024-09-10T10:02:59",10,9,2024,7247635,7247635,"HUMAN_OBSERVATION","iNaturalist","Observations","240976327","","bernardwieser","2024-09-10T18:32:48","CC_BY_NC_4_0","bernardwieser","bernardwieser","",NA,"2026-04-24T17:42:48.912Z","StillImage","COORDINATE_ROUNDED;CONTINENT_DERIVED_FROM_COORDINATES;TAXON_ID_NOT_FOUND",TRUE,TRUE,TRUE,TRUE,TRUE,TRUE,TRUE,TRUE,TRUE,TRUE,TRUE
3884315594,"857bce66-f762-11e1-a439-00145eb45e9a","https://www.zobodat.at/belege.php?id=100207665","Fungi","Ascomycota","Lecanoromycetes","Lecanorales","Parmeliaceae","Hypogymnia","Hypogymnia physodes","","SPECIES","Hypogymnia physodes (L.) Nyl.","Hypogymnia physodes (L.) Nyl.","(L.) Nyl.","AT","8841/0","","PRESENT",NA,"2d6e0e40-2aee-11d8-aa2d-b8a03c50a862",47.150002,12.583333,5000,NA,NA,NA,NA,NA,"",NA,NA,NA,7247635,7247635,"HUMAN_OBSERVATION","LI","ZOBODAT","100207665","","Türk Roman","","CC0_1_0","","","",NA,"2026-04-24T00:20:51.418Z","","COORDINATE_ROUNDED;CONTINENT_DERIVED_FROM_COORDINATES",TRUE,TRUE,TRUE,TRUE,TRUE,TRUE,TRUE,TRUE,TRUE,TRUE,TRUE
3884285505,"857bce66-f762-11e1-a439-00145eb45e9a","https://www.zobodat.at/belege.php?id=100171962","Fungi","Ascomycota","Lecanoromycetes","Lecanorales","Parmeliaceae","Hypogymnia","Hypogymnia physodes","","SPECIES","Hypogymnia physodes (L.) Nyl.","Hypogymnia physodes (L.) Nyl.","(L.) Nyl.","AT","7654/0","","PRESENT",NA,"2d6e0e40-2aee-11d8-aa2d-b8a03c50a862",48.349444,14.748889,5000,NA,NA,NA,NA,NA,"",NA,NA,NA,7247635,7247635,"HUMAN_OBSERVATION","LI","ZOBODAT","100171962","","Türk Roman","","CC0_1_0","","","",NA,"2026-04-24T00:20:50.150Z","","COORDINATE_ROUNDED;CONTINENT_DERIVED_FROM_COORDINATES",TRUE,TRUE,TRUE,TRUE,TRUE,TRUE,TRUE,TRUE,TRUE,TRUE,TRUE
3884221417,"857bce66-f762-11e1-a439-00145eb45e9a","https://www.zobodat.at/belege.php?id=100188003","Fungi","Ascomycota","Lecanoromycetes","Lecanorales","Parmeliaceae","Hypogymnia","Hypogymnia physodes","","SPECIES","Hypogymnia physodes (L.) Nyl.","Hypogymnia physodes (L.) Nyl.","(L.) Nyl.","AT","7459/0","","PRESENT",NA,"2d6e0e40-2aee-11d8-aa2d-b8a03c50a862",48.549999,15.583333,5000,NA,NA,NA,NA,NA,"",NA,NA,NA,7247635,7247635,"HUMAN_OBSERVATION","LI","ZOBODAT","100188003","","Türk Roman","","CC0_1_0","","","",NA,"2026-04-24T00:22:30.314Z","","COORDINATE_ROUNDED;CONTINENT_DERIVED_FROM_COORDINATES",TRUE,TRUE,TRUE,TRUE,TRUE,TRUE,TRUE,TRUE,TRUE,TRUE,TRUE
3885636633,"857bce66-f762-11e1-a439-00145eb45e9a","https://www.zobodat.at/belege.php?id=100167391","Fungi","Ascomycota","Lecanoromycetes","Lecanorales","Parmeliaceae","Hypogymnia","Hypogymnia physodes","","SPECIES","Hypogymnia physodes (L.) Nyl.","Hypogymnia physodes (L.) Nyl.","(L.) Nyl.","AT","8445/0","","PRESENT",NA,"2d6e0e40-2aee-11d8-aa2d-b8a03c50a862",47.549999,13.25,5000,NA,NA,NA,NA,NA,"",NA,NA,NA,7247635,7247635,"HUMAN_OBSERVATION","LI","ZOBODAT","100167391","","Türk Roman","","CC0_1_0","","","",NA,"2026-04-24T00:22:29.107Z","","COORDINATE_ROUNDED;CONTINENT_DERIVED_FROM_COORDINATES",TRUE,TRUE,TRUE,TRUE,TRUE,TRUE,TRUE,TRUE,TRUE,TRUE,TRUE
3884271292,"857bce66-f762-11e1-a439-00145eb45e9a","https://www.zobodat.at/belege.php?id=100168371","Fungi","Ascomycota","Lecanoromycetes","Lecanorales","Parmeliaceae","Hypogymnia","Hypogymnia physodes","","SPECIES","Hypogymnia physodes (L.) Nyl.","Hypogymnia physodes (L.) Nyl.","(L.) Nyl.","AT","7554/0","","PRESENT",NA,"2d6e0e40-2aee-11d8-aa2d-b8a03c50a862",48.449444,14.748889,5000,NA,NA,NA,NA,NA,"",NA,NA,NA,7247635,7247635,"HUMAN_OBSERVATION","LI","ZOBODAT","100168371","","Türk Roman","","CC0_1_0","","","",NA,"2026-04-24T00:22:27.863Z","","COORDINATE_ROUNDED;CONTINENT_DERIVED_FROM_COORDINATES",TRUE,TRUE,TRUE,TRUE,TRUE,TRUE,TRUE,TRUE,TRUE,TRUE,TRUE
3885739447,"857bce66-f762-11e1-a439-00145eb45e9a","https://www.zobodat.at/belege.php?id=100185839","Fungi","Ascomycota","Lecanoromycetes","Lecanorales","Parmeliaceae","Hypogymnia","Hypogymnia physodes","","SPECIES","Hypogymnia physodes (L.) Nyl.","Hypogymnia physodes (L.) Nyl.","(L.) Nyl.","AT","9550/0","","PRESENT",NA,"2d6e0e40-2aee-11d8-aa2d-b8a03c50a862",46.450001,14.083333,5000,NA,NA,NA,NA,NA,"",NA,NA,NA,7247635,7247635,"HUMAN_OBSERVATION","LI","ZOBODAT","100185839","","Türk Roman","","CC0_1_0","","","",NA,"2026-04-24T00:22:27.224Z","","COORDINATE_ROUNDED;CONTINENT_DERIVED_FROM_COORDINATES",TRUE,TRUE,TRUE,TRUE,TRUE,TRUE,TRUE,TRUE,TRUE,TRUE,TRUE
3884317826,"857bce66-f762-11e1-a439-00145eb45e9a","https://www.zobodat.at/belege.php?id=100171087","Fungi","Ascomycota","Lecanoromycetes","Lecanorales","Parmeliaceae","Hypogymnia","Hypogymnia physodes","","SPECIES","Hypogymnia physodes (L.) Nyl.","Hypogymnia physodes (L.) Nyl.","(L.) Nyl.","AT","7854/0","","PRESENT",NA,"2d6e0e40-2aee-11d8-aa2d-b8a03c50a862",48.150002,14.75,5000,NA,NA,NA,NA,NA,"",NA,NA,NA,7247635,7247635,"HUMAN_OBSERVATION","LI","ZOBODAT","100171087","","Türk Roman","","CC0_1_0","","","",NA,"2026-04-24T00:22:30.198Z","","COORDINATE_ROUNDED;CONTINENT_DERIVED_FROM_COORDINATES",TRUE,TRUE,TRUE,TRUE,TRUE,TRUE,TRUE,TRUE,TRUE,TRUE,TRUE
3884315746,"857bce66-f762-11e1-a439-00145eb45e9a","https://www.zobodat.at/belege.php?id=100209726","Fungi","Ascomycota","Lecanoromycetes","Lecanorales","Parmeliaceae","Hypogymnia","Hypogymnia physodes","","SPECIES","Hypogymnia physodes (L.) Nyl.","Hypogymnia physodes (L.) Nyl.","(L.) Nyl.","AT","8851/0","","PRESENT",NA,"2d6e0e40-2aee-11d8-aa2d-b8a03c50a862",47.150002,14.25,5000,NA,NA,NA,NA,NA,"",NA,NA,NA,7247635,7247635,"HUMAN_OBSERVATION","LI","ZOBODAT","100209726","","Türk Roman","","CC0_1_0","","","",NA,"2026-04-24T00:22:27.343Z","","COORDINATE_ROUNDED;CONTINENT_DERIVED_FROM_COORDINATES",TRUE,TRUE,TRUE,TRUE,TRUE,TRUE,TRUE,TRUE,TRUE,TRUE,TRUE
3884207618,"857bce66-f762-11e1-a439-00145eb45e9a","https://www.zobodat.at/belege.php?id=100167150","Fungi","Ascomycota","Lecanoromycetes","Lecanorales","Parmeliaceae","Hypogymnia","Hypogymnia physodes","","SPECIES","Hypogymnia physodes (L.) Nyl.","Hypogymnia physodes (L.) Nyl.","(L.) Nyl.","AT","7549/0","","PRESENT",NA,"2d6e0e40-2aee-11d8-aa2d-b8a03c50a862",48.449444,13.915833,5000,NA,NA,NA,NA,NA,"",NA,NA,NA,7247635,7247635,"HUMAN_OBSERVATION","LI","ZOBODAT","100167150","","Türk Roman","","CC0_1_0","","","",NA,"2026-04-24T00:22:25.717Z","","COORDINATE_ROUNDED;CONTINENT_DERIVED_FROM_COORDINATES",TRUE,TRUE,TRUE,TRUE,TRUE,TRUE,TRUE,TRUE,TRUE,TRUE,TRUE
3884271559,"857bce66-f762-11e1-a439-00145eb45e9a","https://www.zobodat.at/belege.php?id=100120885","Fungi","Ascomycota","Lecanoromycetes","Lecanorales","Parmeliaceae","Hypogymnia","Hypogymnia physodes","","SPECIES","Hypogymnia physodes (L.) Nyl.","Hypogymnia physodes (L.) Nyl.","(L.) Nyl.","AT","9454/1","","PRESENT",NA,"2d6e0e40-2aee-11d8-aa2d-b8a03c50a862",46.575001,14.708333,2500,NA,NA,NA,NA,NA,"",NA,NA,NA,7247635,7247635,"HUMAN_OBSERVATION","LI","ZOBODAT","100120885","","Türk Roman","","CC0_1_0","","","",NA,"2026-04-24T00:20:49.737Z","","COORDINATE_ROUNDED;CONTINENT_DERIVED_FROM_COORDINATES",TRUE,TRUE,TRUE,TRUE,TRUE,TRUE,TRUE,TRUE,TRUE,TRUE,TRUE
1657186279,"fb8ae15d-e30c-44b4-8f61-0bb0c1d90ff9","https://gzu.jacq.org/GZU000304826","Fungi","Ascomycota","Lecanoromycetes","Lecanorales","Parmeliaceae","Hypogymnia","Hypogymnia physodes","","SPECIES","Hypogymnia physodes (L.) Nyl.","Hypogymnia physodes (L.) Nyl.","(L.) Nyl.","AT","Steiermark, Schladminger Tauern, Unterer Zwieflersee, Lärchen-Zirben-Wald, Waldrand","","PRESENT",NA,"43587ad0-bafb-11d9-8e53-b8a03c50a862",47.24833,14.05667,NA,NA,1813,NA,NA,NA,"2011-08-02",2,8,2011,7247635,7247635,"PRESERVED_SPECIMEN","GZU","Herbarium GZU","000304826","s.n.","M. Sebernegg & H. Mayrhofer (GZU) 2013-04","2013-04-01T00:00:00","CC_BY_4_0","","Sebernegg,Michaela & Atanassova,Adriana s.n. [2011-08-02]","",NA,"2026-04-29T14:18:23.878Z","","CONTINENT_DERIVED_FROM_COORDINATES;INSTITUTION_MATCH_NONE",TRUE,TRUE,TRUE,TRUE,TRUE,TRUE,TRUE,TRUE,TRUE,TRUE,TRUE
3884236310,"857bce66-f762-11e1-a439-00145eb45e9a","https://www.zobodat.at/belege.php?id=100208505","Fungi","Ascomycota","Lecanoromycetes","Lecanorales","Parmeliaceae","Hypogymnia","Hypogymnia physodes","","SPECIES","Hypogymnia physodes (L.) Nyl.","Hypogymnia physodes (L.) Nyl.","(L.) Nyl.","AT","8756/0","","PRESENT",NA,"2d6e0e40-2aee-11d8-aa2d-b8a03c50a862",47.25,15.083333,5000,NA,NA,NA,NA,NA,"",NA,NA,NA,7247635,7247635,"HUMAN_OBSERVATION","LI","ZOBODAT","100208505","","Türk Roman","","CC0_1_0","","","",NA,"2026-04-24T00:20:51.791Z","","COORDINATE_ROUNDED;CONTINENT_DERIVED_FROM_COORDINATES",TRUE,TRUE,TRUE,TRUE,TRUE,TRUE,TRUE,TRUE,TRUE,TRUE,TRUE
3012006105,"c1492854-5d15-40e9-9ee7-24a18ac05112","AB00F33A-144D-4897-90F1-AE05E32A92E5","Fungi","Ascomycota","Lecanoromycetes","Lecanorales","Parmeliaceae","Hypogymnia","Hypogymnia physodes","","SPECIES","Hypogymnia physodes (L.) Nyl.","Hypogymnia physodes (L.) Nyl.","(L.) Nyl., 1896","AT","Taxenbach","","PRESENT",NA,"7a070ba0-bafb-11d9-8e53-b8a03c50a862",47.32294,13.00726,12,NA,1491,NA,NA,NA,"2019-09-12",12,9,2019,7247635,7247635,"HUMAN_OBSERVATION","HNS","Biodiversitätsdatenbank Salzburg","2324449","","","","CC_BY_NC_4_0","","ContactID: 3682","",NA,"2026-04-24T01:59:51.696Z","","CONTINENT_DERIVED_FROM_COORDINATES",TRUE,TRUE,TRUE,TRUE,TRUE,TRUE,TRUE,TRUE,TRUE,TRUE,TRUE
3884156186,"857bce66-f762-11e1-a439-00145eb45e9a","https://www.zobodat.at/belege.php?id=100220923","Fungi","Ascomycota","Lecanoromycetes","Lecanorales","Parmeliaceae","Hypogymnia","Hypogymnia physodes","","SPECIES","Hypogymnia physodes (L.) Nyl.","Hypogymnia physodes (L.) Nyl.","(L.) Nyl.","AT","9246/0","","PRESENT",NA,"2d6e0e40-2aee-11d8-aa2d-b8a03c50a862",46.75,13.416667,5000,NA,NA,NA,NA,NA,"",NA,NA,NA,7247635,7247635,"HUMAN_OBSERVATION","LI","ZOBODAT","100220923","","Türk Roman","","CC0_1_0","","","",NA,"2026-04-24T00:16:10.915Z","","COORDINATE_ROUNDED;CONTINENT_DERIVED_FROM_COORDINATES",TRUE,TRUE,TRUE,TRUE,TRUE,TRUE,TRUE,TRUE,TRUE,TRUE,TRUE
1657186297,"fb8ae15d-e30c-44b4-8f61-0bb0c1d90ff9","https://gzu.jacq.org/GZU000304942","Fungi","Ascomycota","Lecanoromycetes","Lecanorales","Parmeliaceae","Hypogymnia","Hypogymnia physodes","","SPECIES","Hypogymnia physodes (L.) Nyl.","Hypogymnia physodes (L.) Nyl.","(L.) Nyl.","AT","Steiermark, Schladminger Tauern, Katschtal, bei Abzweigung Richtung Stampferhütte","","PRESENT",NA,"43587ad0-bafb-11d9-8e53-b8a03c50a862",47.26278,14.06361,NA,NA,1467,NA,NA,NA,"2011-08-03",3,8,2011,7247635,7247635,"PRESERVED_SPECIMEN","GZU","Herbarium GZU","000304942","s.n.","M. Sebernegg & H. Mayrhofer (GZU) 2013-04","2013-04-01T00:00:00","CC_BY_4_0","","Sebernegg,Michaela s.n. [2011-08-03]","",NA,"2026-04-29T14:18:23.968Z","","CONTINENT_DERIVED_FROM_COORDINATES;INSTITUTION_MATCH_NONE",TRUE,TRUE,TRUE,TRUE,TRUE,TRUE,TRUE,TRUE,TRUE,TRUE,TRUE
6147206429,"50c9509d-22c7-4a22-a47d-8c48425ef4a7","https://www.inaturalist.org/observations/336831614","Fungi","Ascomycota","Lecanoromycetes","Lecanorales","Parmeliaceae","Hypogymnia","Hypogymnia physodes","","SPECIES","Hypogymnia physodes (L.) Nyl.","Hypogymnia physodes","","AT","","Burgenland","PRESENT",NA,"28eb1a3f-1c15-4a95-931a-4af90ecb574d",47.010853,16.349905,NA,NA,NA,NA,NA,NA,"2026-01-31T11:19",31,1,2026,7247635,7247635,"HUMAN_OBSERVATION","iNaturalist","Observations","336831614","","Sepp Schmid","2026-01-31T16:46:03","CC_BY_NC_4_0","Sepp Schmid","Sepp Schmid","",NA,"2026-04-24T17:20:10.826Z","StillImage","COORDINATE_ROUNDED;CONTINENT_DERIVED_FROM_COORDINATES;TAXON_ID_NOT_FOUND",TRUE,TRUE,TRUE,TRUE,TRUE,TRUE,TRUE,TRUE,TRUE,TRUE,TRUE
3985684267,"50c9509d-22c7-4a22-a47d-8c48425ef4a7","https://www.inaturalist.org/observations/142283327","Fungi","Ascomycota","Lecanoromycetes","Lecanorales","Parmeliaceae","Hypogymnia","Hypogymnia physodes","","SPECIES","Hypogymnia physodes (L.) Nyl.","Hypogymnia physodes","","AT","","Tirol","PRESENT",NA,"28eb1a3f-1c15-4a95-931a-4af90ecb574d",47.465717,12.615641,96,NA,NA,NA,NA,NA,"2022-11-18T12:42:42",18,11,2022,7247635,7247635,"HUMAN_OBSERVATION","iNaturalist","Observations","142283327","","jmli","2022-11-18T11:43:20","CC_BY_NC_4_0","jmli","jmli","",NA,"2026-04-24T18:35:51.360Z","StillImage","COORDINATE_ROUNDED;CONTINENT_DERIVED_FROM_COORDINATES;TAXON_ID_NOT_FOUND",TRUE,TRUE,TRUE,TRUE,TRUE,TRUE,TRUE,TRUE,TRUE,TRUE,TRUE
4423319608,"c1492854-5d15-40e9-9ee7-24a18ac05112","FFBF5ADA-C12B-4963-B93A-9C83807A490F","Fungi","Ascomycota","Lecanoromycetes","Lecanorales","Parmeliaceae","Hypogymnia","Hypogymnia physodes","","SPECIES","Hypogymnia physodes (L.) Nyl.","Hypogymnia physodes (L.) Nyl.","(L.) Nyl., 1896","AT","Hirschegg","","PRESENT",NA,"7a070ba0-bafb-11d9-8e53-b8a03c50a862",47.08335,14.88283,10,NA,1897,NA,NA,NA,"2022-11-12",12,11,2022,7247635,7247635,"HUMAN_OBSERVATION","HNS","Biodiversitätsdatenbank Salzburg","2934078","","","","CC_BY_NC_4_0","","ContactID: 3682","",NA,"2026-04-24T01:58:50.076Z","","CONTINENT_DERIVED_FROM_COORDINATES",TRUE,TRUE,TRUE,TRUE,TRUE,TRUE,TRUE,TRUE,TRUE,TRUE,TRUE
3883972928,"857bce66-f762-11e1-a439-00145eb45e9a","https://www.zobodat.at/belege.php?id=100130327","Fungi","Ascomycota","Lecanoromycetes","Lecanorales","Parmeliaceae","Hypogymnia","Hypogymnia physodes","","SPECIES","Hypogymnia physodes (L.) Nyl.","Hypogymnia physodes (L.) Nyl.","(L.) Nyl.","AT","8657/4","","PRESENT",NA,"2d6e0e40-2aee-11d8-aa2d-b8a03c50a862",47.325001,15.291667,2500,NA,NA,NA,NA,NA,"",NA,NA,NA,7247635,7247635,"HUMAN_OBSERVATION","LI","ZOBODAT","100130327","","Türk Roman","","CC0_1_0","","","",NA,"2026-04-24T00:20:49.969Z","","COORDINATE_ROUNDED;CONTINENT_DERIVED_FROM_COORDINATES",TRUE,TRUE,TRUE,TRUE,TRUE,TRUE,TRUE,TRUE,TRUE,TRUE,TRUE
1935695999,"5830fa3c-497c-4d37-b771-bd6c84997f2c","https://gjo.jacq.org/GJO0042751","Fungi","Ascomycota","Lecanoromycetes","Lecanorales","Parmeliaceae","Hypogymnia","Hypogymnia physodes","","SPECIES","Hypogymnia physodes (L.) Nyl.","Hypogymnia physodes (L.) Nyl.","(L.) Nyl.","AT","""[Österreich, Steiermark; Naturpark Pöllauer Tal]  Gmde. Rabenwald, Haregg, ca. 520 m E des Gehöftes Heil, 100 m S der Straße von Pöllau [620 m, 8760/2 (47°17'45""""N, 15°48'10""""E ±300 m) Bezirk Hartberg-Fürstenfeld, Gemeinde Pöllau, Katastralgemeinde Rabenwald]""","","PRESENT",NA,"32ceedc0-bafb-11d9-8e53-b8a03c50a862",47.29583,15.80278,300,NA,620,NA,NA,NA,"2003-06-05",5,6,2003,7247635,7247635,"PRESERVED_SPECIMEN","GJO","Herbarium GJO","0042751","s.n.","orig.","","CC_BY_4_0","","Suppan,Ursula s.n. [2003-06-05]","",NA,"2026-04-24T12:45:34.115Z","","CONTINENT_DERIVED_FROM_COORDINATES;INSTITUTION_MATCH_FUZZY;COLLECTION_MATCH_FUZZY",TRUE,TRUE,TRUE,TRUE,TRUE,TRUE,TRUE,TRUE,TRUE,TRUE,TRUE
4883037179,"8a863029-f435-446a-821e-275f4f641165","https://observation.org/observation/306508159","Fungi","Ascomycota","Lecanoromycetes","Lecanorales","Parmeliaceae","Hypogymnia","Hypogymnia physodes","","SPECIES","Hypogymnia physodes (L.) Nyl.","Hypogymnia physodes","","AT","Scheffau am Tennengebirge","Salzburg","PRESENT",1,"c8d737e0-2ff8-42e8-b8fc-6b805d26fc5f",47.624895,13.23352,5,NA,NA,NA,NA,NA,"2024-04-27",27,4,2024,7247635,7247635,"HUMAN_OBSERVATION","","","","","","","CC_BY_NC_4_0","Stichting Observation International","User 192637","",NA,"2026-04-24T16:03:29.485Z","StillImage","",TRUE,TRUE,TRUE,TRUE,TRUE,TRUE,TRUE,TRUE,TRUE,TRUE,TRUE
3884190380,"857bce66-f762-11e1-a439-00145eb45e9a","https://www.zobodat.at/belege.php?id=100192340","Fungi","Ascomycota","Lecanoromycetes","Lecanorales","Parmeliaceae","Hypogymnia","Hypogymnia physodes","","SPECIES","Hypogymnia physodes (L.) Nyl.","Hypogymnia physodes (L.) Nyl.","(L.) Nyl.","AT","8538/0","","PRESENT",NA,"2d6e0e40-2aee-11d8-aa2d-b8a03c50a862",47.450001,12.083333,5000,NA,NA,NA,NA,NA,"",NA,NA,NA,7247635,7247635,"HUMAN_OBSERVATION","LI","ZOBODAT","100192340","","Türk Roman","","CC0_1_0","","","",NA,"2026-04-24T00:16:09.455Z","","COORDINATE_ROUNDED;CONTINENT_DERIVED_FROM_COORDINATES",TRUE,TRUE,TRUE,TRUE,TRUE,TRUE,TRUE,TRUE,TRUE,TRUE,TRUE
5902232740,"8a863029-f435-446a-821e-275f4f641165","https://observation.org/observation/337460347","Fungi","Ascomycota","Lecanoromycetes","Lecanorales","Parmeliaceae","Hypogymnia","Hypogymnia physodes","","SPECIES","Hypogymnia physodes (L.) Nyl.","Hypogymnia physodes","","AT","Weißensee (Gemeinde)","Kärnten","PRESENT",1,"c8d737e0-2ff8-42e8-b8fc-6b805d26fc5f",46.708535,13.302308,NA,NA,NA,NA,NA,NA,"2025-01-22",22,1,2025,7247635,7247635,"HUMAN_OBSERVATION","","","","","","","CC_BY_NC_4_0","Stichting Observation International","User 883759","",NA,"2026-04-24T16:16:47.683Z","StillImage","",TRUE,TRUE,TRUE,TRUE,TRUE,TRUE,TRUE,TRUE,TRUE,TRUE,TRUE
3885621382,"857bce66-f762-11e1-a439-00145eb45e9a","https://www.zobodat.at/belege.php?id=100147249","Fungi","Ascomycota","Lecanoromycetes","Lecanorales","Parmeliaceae","Hypogymnia","Hypogymnia physodes","","SPECIES","Hypogymnia physodes (L.) Nyl.","Hypogymnia physodes (L.) Nyl.","(L.) Nyl.","AT","8940/0","","PRESENT",NA,"2d6e0e40-2aee-11d8-aa2d-b8a03c50a862",47.049999,12.416667,5000,NA,NA,NA,NA,NA,"",NA,NA,NA,7247635,7247635,"HUMAN_OBSERVATION","LI","ZOBODAT","100147249","","Türk Roman","","CC0_1_0","","","",NA,"2026-04-24T00:22:27.633Z","","COORDINATE_ROUNDED;CONTINENT_DERIVED_FROM_COORDINATES",TRUE,TRUE,TRUE,TRUE,TRUE,TRUE,TRUE,TRUE,TRUE,TRUE,TRUE
4423091288,"c1492854-5d15-40e9-9ee7-24a18ac05112","F10B9290-1BFD-4B5B-9117-3120506C7844","Fungi","Ascomycota","Lecanoromycetes","Lecanorales","Parmeliaceae","Hypogymnia","Hypogymnia physodes","","SPECIES","Hypogymnia physodes (L.) Nyl.","Hypogymnia physodes (L.) Nyl.","(L.) Nyl., 1896","AT","Bad Kleinkirchheim","","PRESENT",NA,"7a070ba0-bafb-11d9-8e53-b8a03c50a862",46.8616,13.75327,4,NA,1887,NA,NA,NA,"2022-09-20",20,9,2022,7247635,7247635,"HUMAN_OBSERVATION","HNS","Biodiversitätsdatenbank Salzburg","2978712","","","","CC_BY_NC_4_0","","ContactID: 2786","",NA,"2026-04-24T01:58:52.070Z","","CONTINENT_DERIVED_FROM_COORDINATES",TRUE,TRUE,TRUE,TRUE,TRUE,TRUE,TRUE,TRUE,TRUE,TRUE,TRUE
5133445222,"50c9509d-22c7-4a22-a47d-8c48425ef4a7","https://www.inaturalist.org/observations/270242177","Fungi","Ascomycota","Lecanoromycetes","Lecanorales","Parmeliaceae","Hypogymnia","Hypogymnia physodes","","SPECIES","Hypogymnia physodes (L.) Nyl.","Hypogymnia physodes","","AT","","Steiermark","PRESENT",NA,"28eb1a3f-1c15-4a95-931a-4af90ecb574d",47.336743,15.644737,NA,NA,NA,NA,NA,NA,"2025-04-13T13:37",13,4,2025,7247635,7247635,"HUMAN_OBSERVATION","iNaturalist","Observations","270242177","","Sepp Schmid","2025-04-13T17:57:43","CC_BY_NC_4_0","Sepp Schmid","Sepp Schmid","",NA,"2026-04-24T17:45:16.593Z","StillImage","COORDINATE_ROUNDED;CONTINENT_DERIVED_FROM_COORDINATES;TAXON_ID_NOT_FOUND",TRUE,TRUE,TRUE,TRUE,TRUE,TRUE,TRUE,TRUE,TRUE,TRUE,TRUE
5205904077,"50c9509d-22c7-4a22-a47d-8c48425ef4a7","https://www.inaturalist.org/observations/291114585","Fungi","Ascomycota","Lecanoromycetes","Lecanorales","Parmeliaceae","Hypogymnia","Hypogymnia physodes","","SPECIES","Hypogymnia physodes (L.) Nyl.","Hypogymnia physodes","","AT","","Steiermark","PRESENT",NA,"28eb1a3f-1c15-4a95-931a-4af90ecb574d",47.424734,15.102682,NA,NA,NA,NA,NA,NA,"2025-05-25T10:54",25,5,2025,7247635,7247635,"HUMAN_OBSERVATION","iNaturalist","Observations","291114585","","Martin Winter","2025-06-20T03:34:34","CC_BY_NC_4_0","Martin Winter","Martin Winter","",NA,"2026-04-24T16:35:18.530Z","StillImage","COORDINATE_ROUNDED;CONTINENT_DERIVED_FROM_COORDINATES;TAXON_ID_NOT_FOUND",TRUE,TRUE,TRUE,TRUE,TRUE,TRUE,TRUE,TRUE,TRUE,TRUE,TRUE
3884348355,"857bce66-f762-11e1-a439-00145eb45e9a","https://www.zobodat.at/belege.php?id=100195216","Fungi","Ascomycota","Lecanoromycetes","Lecanorales","Parmeliaceae","Hypogymnia","Hypogymnia physodes","","SPECIES","Hypogymnia physodes (L.) Nyl.","Hypogymnia physodes (L.) Nyl.","(L.) Nyl.","AT","8461/0","","PRESENT",NA,"2d6e0e40-2aee-11d8-aa2d-b8a03c50a862",47.549999,15.916667,5000,NA,NA,NA,NA,NA,"",NA,NA,NA,7247635,7247635,"HUMAN_OBSERVATION","LI","ZOBODAT","100195216","","Türk Roman","","CC0_1_0","","","",NA,"2026-04-24T00:16:09.681Z","","COORDINATE_ROUNDED;CONTINENT_DERIVED_FROM_COORDINATES",TRUE,TRUE,TRUE,TRUE,TRUE,TRUE,TRUE,TRUE,TRUE,TRUE,TRUE
3884286978,"857bce66-f762-11e1-a439-00145eb45e9a","https://www.zobodat.at/belege.php?id=100143781","Fungi","Ascomycota","Lecanoromycetes","Lecanorales","Parmeliaceae","Hypogymnia","Hypogymnia physodes","","SPECIES","Hypogymnia physodes (L.) Nyl.","Hypogymnia physodes (L.) Nyl.","(L.) Nyl.","AT","7953","","PRESENT",NA,"2d6e0e40-2aee-11d8-aa2d-b8a03c50a862",48.049999,14.583333,5000,NA,NA,NA,NA,NA,"",NA,NA,NA,7247635,7247635,"HUMAN_OBSERVATION","LI","ZOBODAT","100143781","","Türk Roman","","CC0_1_0","","","",NA,"2026-04-24T00:20:48.313Z","","COORDINATE_ROUNDED;CONTINENT_DERIVED_FROM_COORDINATES",TRUE,TRUE,TRUE,TRUE,TRUE,TRUE,TRUE,TRUE,TRUE,TRUE,TRUE
3884294241,"857bce66-f762-11e1-a439-00145eb45e9a","https://www.zobodat.at/belege.php?id=100211377","Fungi","Ascomycota","Lecanoromycetes","Lecanorales","Parmeliaceae","Hypogymnia","Hypogymnia physodes","","SPECIES","Hypogymnia physodes (L.) Nyl.","Hypogymnia physodes (L.) Nyl.","(L.) Nyl.","AT","8844/0","","PRESENT",NA,"2d6e0e40-2aee-11d8-aa2d-b8a03c50a862",47.150002,13.083333,5000,NA,NA,NA,NA,NA,"",NA,NA,NA,7247635,7247635,"HUMAN_OBSERVATION","LI","ZOBODAT","100211377","","Türk Roman","","CC0_1_0","","","",NA,"2026-04-24T00:22:28.807Z","","COORDINATE_ROUNDED;CONTINENT_DERIVED_FROM_COORDINATES",TRUE,TRUE,TRUE,TRUE,TRUE,TRUE,TRUE,TRUE,TRUE,TRUE,TRUE
4519259489,"50c9509d-22c7-4a22-a47d-8c48425ef4a7","https://www.inaturalist.org/observations/198289378","Fungi","Ascomycota","Lecanoromycetes","Lecanorales","Parmeliaceae","Hypogymnia","Hypogymnia physodes","","SPECIES","Hypogymnia physodes (L.) Nyl.","Hypogymnia physodes","","AT","","Steiermark","PRESENT",NA,"28eb1a3f-1c15-4a95-931a-4af90ecb574d",46.824664,15.905115,3,NA,NA,NA,NA,NA,"2024-02-03T13:55:04",3,2,2024,7247635,7247635,"HUMAN_OBSERVATION","iNaturalist","Observations","198289378","","bernardwieser","2024-02-03T12:55:26","CC_BY_NC_4_0","bernardwieser","bernardwieser","",NA,"2026-04-24T17:05:45.873Z","StillImage","COORDINATE_ROUNDED;CONTINENT_DERIVED_FROM_COORDINATES;TAXON_ID_NOT_FOUND",TRUE,TRUE,TRUE,TRUE,TRUE,TRUE,TRUE,TRUE,TRUE,TRUE,TRUE
2449357599,"85739778-f762-11e1-a439-00145eb45e9a","","Fungi","Ascomycota","Lecanoromycetes","Lecanorales","Parmeliaceae","Hypogymnia","Hypogymnia physodes","","SPECIES","Hypogymnia physodes (L.) Nyl.","Hypogymnia physodes (L.) Nyl.","","AT","AUSTRIA, Tirol: Osttirol, Hohe Tauern, Venediger Group, Lasörling-Gruppe, Lasnitzen-Alm 150.","","PRESENT",NA,"57254bd0-8256-11d8-b7ed-b8a03c50a862",46.9833,12.3333,NA,NA,NA,NA,NA,NA,"",NA,NA,NA,7247635,7247635,"PRESERVED_SPECIMEN","B","Lichen Herbarium Berlin","178961","","","","CC0_1_0","","H. Reznik","",NA,"2026-04-23T23:09:02.076Z","","GEODETIC_DATUM_ASSUMED_WGS84;CONTINENT_DERIVED_FROM_COORDINATES;RECORDED_DATE_INVALID;COLLECTION_MATCH_NONE",TRUE,TRUE,TRUE,TRUE,TRUE,TRUE,TRUE,TRUE,TRUE,TRUE,TRUE
4920811371,"c1492854-5d15-40e9-9ee7-24a18ac05112","43A07F0A-4A8B-41A5-9A33-F97715CB188E","Fungi","Ascomycota","Lecanoromycetes","Lecanorales","Parmeliaceae","Hypogymnia","Hypogymnia physodes","","SPECIES","Hypogymnia physodes (L.) Nyl.","Hypogymnia physodes (L.) Nyl.","(L.) Nyl., 1896","AT","Gerlos","","PRESENT",NA,"7a070ba0-bafb-11d9-8e53-b8a03c50a862",47.18428,11.98974,999,NA,NA,NA,NA,NA,"2023-09-14",14,9,2023,7247635,7247635,"HUMAN_OBSERVATION","HNS","Biodiversitätsdatenbank Salzburg","3286183","","","","CC_BY_NC_4_0","","ContactID: 2786","",NA,"2026-04-24T01:59:06.121Z","","CONTINENT_DERIVED_FROM_COORDINATES",TRUE,TRUE,TRUE,TRUE,TRUE,TRUE,TRUE,TRUE,TRUE,TRUE,TRUE
5889434672,"50c9509d-22c7-4a22-a47d-8c48425ef4a7","https://www.inaturalist.org/observations/324115702","Fungi","Ascomycota","Lecanoromycetes","Lecanorales","Parmeliaceae","Hypogymnia","Hypogymnia physodes","","SPECIES","Hypogymnia physodes (L.) Nyl.","Hypogymnia physodes","","AT","","Burgenland","PRESENT",NA,"28eb1a3f-1c15-4a95-931a-4af90ecb574d",46.95676,16.15342,3700,NA,NA,NA,NA,NA,"2025-10-29T15:13",29,10,2025,7247635,7247635,"HUMAN_OBSERVATION","iNaturalist","Observations","324115702","","lastovka","2025-10-31T07:43:25","CC_BY_NC_4_0","lastovka","lastovka","",NA,"2026-04-24T18:52:28.707Z","StillImage","CONTINENT_DERIVED_FROM_COORDINATES;TAXON_ID_NOT_FOUND",TRUE,TRUE,TRUE,TRUE,TRUE,TRUE,TRUE,TRUE,TRUE,TRUE,TRUE
